0,guangdong.txt,项仓库需不需要设置封闭楼梯间？
0,guangzhou.txt,1.10、游泳池上要求设自喷吗？
0,guangzhou.txt,1.15、消防控制室是否需要设自动喷水灭火系统？
0,guangzhou.txt,1.1、多层丙类仓库需不需要做封闭楼梯间？
0,guangzhou.txt,1.20MPa？
0,guangzhou.txt,1.2、加油、加气站的站房是否需按民用建筑要求，设置室外消防系统？
0,guangzhou.txt,1.3、走道长度如何计算？
0,guangzhou.txt,1.6、二类高层宿舍的卧室是否要设置喷头？
0,guangzhou.txt,1.7、地下非机动车库是否必须设置消防排烟系统？
0,guangzhou.txt,1000m2时，是否要求设计排烟系统？
0,guangzhou.txt,1m3设计？
0,guangzhou.txt,1m3？
0,guangzhou.txt,1．0m，楼梯间与阳台相邻时，阳台算不算洞口边缘？
0,guangzhou.txt,2.0m2的可开启外窗（标高没要求）？
0,guangzhou.txt,2.10、柴油机消防水泵是否可采用单路电源供电，不设双回路末端切换？
0,guangzhou.txt,2.12、火灾时连续供电的时间如何确定？
0,guangzhou.txt,2.14、《水消规》4.3.9条：消防水池最低水位如何确定？
0,guangzhou.txt,2.15、强、弱电井的照明是否需要设置备用照明？
0,guangzhou.txt,2.17、暖通机房、设备房、电梯机房等外墙上的排（进）风口是否需设置防火阀？
0,guangzhou.txt,2.20、室外消防采用临时高压系统，除主泵外是否还要设稳压系统？
0,guangzhou.txt,2.22、减压阀后消防管材如何选？
0,guangzhou.txt,2.24、《水消规》7.4.7条第2款，高层住宅消火栓能否设在封闭楼梯间或防烟楼梯间内？
0,guangzhou.txt,2.27、可以采用双立管双栓吗？
0,guangzhou.txt,2.28、消火栓立管在同层接入双栓，其中一个为电梯前室消火栓，是否可行？
0,guangzhou.txt,2.3、消防电梯轿厢内部应设置专用消防对讲电话，是否可用电梯五方对讲的轿厢分机？
0,guangzhou.txt,2.4.1、电磁场干扰较强的房间是指哪些房间？
0,guangzhou.txt,2.4.2、其他可能影响消防控制设备正常工作的房间是指哪些房间？
0,guangzhou.txt,2.5.12、楼梯间满足什么土建条件时，可定义为开敞楼梯间？
0,guangzhou.txt,2.5.14.12、办公建筑标准层和大堂人员计算标准？
0,guangzhou.txt,2.5.14.13、高层公共建筑塔楼不同疏散梯在首层同一大堂出，大堂设对应数量的出口时，是否需要用隔墙分隔各疏散梯及其出口？
0,guangzhou.txt,2.5.14.15、直升机停机坪的尺寸应如何确定？
0,guangzhou.txt,2.5.14.16、金融机构内部使用的金库防火分区该如何划分？
0,guangzhou.txt,2.5.14.19、消防控制室应设置在建筑什么位置？
0,guangzhou.txt,2.5.14.6、多层公共建筑，沟通上下层的室内开敞楼梯，可否作为疏散楼梯？
0,guangzhou.txt,2.5.14.9、商场内的电影院需设置专用疏散楼梯，若电影院有两个防火分区，是否两个防火分区都需要设置专用疏散楼梯？
0,guangzhou.txt,2.5.2），问走廊的楼梯是否需设封闭楼梯间？
0,guangzhou.txt,2.8、消防用电设备应采用“专用的供电回路”如何理解？
0,guangzhou.txt,3.10、疏散走道的墙体是否可以设置普通窗？
0,guangzhou.txt,3.12、住宅设喷淋要采用家用喷头吗？
0,guangzhou.txt,3.16、保护玻璃的防护冷却喷头是否要考虑集热？
0,guangzhou.txt,3.1、消防水泵、防排烟风机等消防设备是否可采用软启动方式？
0,guangzhou.txt,3.20、住宅建筑地下室自行车库设自动喷水灭火系统按哪个危险等级？
0,guangzhou.txt,3.2、消防稳压泵、室外消防水泵是否需要在消防控制室设置手动直接控制装置？
0,guangzhou.txt,3.2）是否有误？
0,guangzhou.txt,3.5、报警总线兼有联动控制功能，是否需要采用耐火线？
0,guangzhou.txt,3.7、一类高层公共建筑中首层~三层为商业，四层及以上为办公，两者的楼梯不共用，那么首层~三层的楼梯是否需要做防烟楼梯间及机械加压送风？
0,guangzhou.txt,4.10、通道式轿厢的电梯，是否可以设置为消防电梯？
0,guangzhou.txt,4.12、天井内是否可算扑救场地？
0,guangzhou.txt,4.1）？
0,guangzhou.txt,4.2、人防区内哪些区域需要设置自动喷水灭火系统？
0,guangzhou.txt,4.4.2）？
0,guangzhou.txt,4.4、人防建筑是否应按《水消规》计算室内消火栓水量？
0,guangzhou.txt,4.5、地下室车库是否需要设泡沫-水喷淋？
0,guangzhou.txt,4.6、室外设充电桩的停车场除室外消火栓外，还需要设什么措施保护？
0,guangzhou.txt,4.7、设有充电桩的地下室车库，消火栓系统和泡沫-水喷淋系统是否应单独设置环网和水泵接合器？
0,guangzhou.txt,4.8、设置火灾备用照明场所是否需要设置自带蓄电池或集中蓄电池的灯具作为电源转换时的过渡照明？
0,guangzhou.txt,4.9、消防登高场地设置在山墙面，是否可行？
0,guangzhou.txt,6.3、消防排水的潜水泵是否设置剩余电流保护器？
0,guangzhou.txt,6.4、消防设备配电干线过负荷保护的如何设置？
0,guangzhou.txt,70%，是否上下层均设喷头？
0,guangzhou.txt,?分区都需要设置专用疏散楼梯？
0,guangzhou.txt,个座位的会堂或礼堂的舞台葡萄架下是否设置雨淋喷水灭火系统？
0,guangzhou.txt,二层、三层车架内的喷头数量如何计算？
0,guangzhou.txt,保护半径的情况），不再设置室外临时高压系统，是否可以？
0,guangzhou.txt,分配？
0,guangzhou.txt,分隔设施，在设计中如何选用？
0,guangzhou.txt,即可，无需大于主泵设计压力？
0,guangzhou.txt,号文设置气体灭火系统？
0,guangzhou.txt,周长就可以？
0,guangzhou.txt,地下室与地下室底盘上方的多栋建筑是否可以拆分计算建筑体积？
0,guangzhou.txt,型灯具？
0,guangzhou.txt,外墙上可开启的石材暗门是否可作为救援窗？
0,guangzhou.txt,多层、单层建筑中的变配电房是否需执行？
0,guangzhou.txt,如何供电？
0,guangzhou.txt,如可以，是否两边均为消防前室？
0,guangzhou.txt,如果已经设置室外消防加压水泵及稳压设备是否还需要设置取水口？
0,guangzhou.txt,实践中一侧防火便可？
0,guangzhou.txt,室内长走廊长度是否有限制？
0,guangzhou.txt,敞开外廊是否可以？
0,guangzhou.txt,是否与特定的喷头关联？
0,guangzhou.txt,是否可以设置防火卷帘？
0,guangzhou.txt,是否暗敷也要求采用穿金属管？
0,guangzhou.txt,是否该栋建筑仅首层商业设消火栓即可？
0,guangzhou.txt,是否该栋建筑可不设消火栓？
0,guangzhou.txt,是否高于水泵吸水管即可？
0,guangzhou.txt,有阳台或外廊可否视作救援窗口？
0,guangzhou.txt,条:设置消防控制室的场所是否指设置消防控制室的那栋建筑？
0,guangzhou.txt,条“消防用电设备应采用专用的供电回路”有矛盾，如何处理？
0,guangzhou.txt,条件限制必须穿越时，需要采取什么措施？
0,guangzhou.txt,条按防火分区设置配电回路有矛盾，如何处理？
0,guangzhou.txt,条有矛盾？
0,guangzhou.txt,条的问题吗？
0,guangzhou.txt,条的问题？
0,guangzhou.txt,条设计参数均不同，如何选择？
0,guangzhou.txt,条采取防火保护措施？
0,guangzhou.txt,条）但距离下限有无规定？
0,guangzhou.txt,柴油发电机房、储油间是否可以设气体灭火？
0,guangzhou.txt,楼梯是否可设计为敞开楼梯？
0,guangzhou.txt,款执行？
0,guangzhou.txt,消防系统需要采用防爆波阀门吗？
0,guangzhou.txt,灯具持续应急点亮时间如何确定？
0,guangzhou.txt,的喷头参数取消了，用什么喷头？
0,guangzhou.txt,的大流量喷头如何应用？
0,guangzhou.txt,的防火间距？
0,guangzhou.txt,直立、水平边墙型喷头？
0,guangzhou.txt,米的厂房只能用湿式吗？
0,guangzhou.txt,米的场所？
0,guangzhou.txt,级？
0,guangzhou.txt,能否设集热罩？
0,guangzhou.txt,要考虑集热吗？
0,guangzhou.txt,认证资料，那是否允许做异型防火卷帘？
0,guangzhou.txt,设计？
0,guangzhou.txt,超高层的部分需要设置救援窗口吗？
0,guangzhou.txt,那可以设置多少比例的普通窗？
0,guangzhou.txt,非人防地下室是否参照人防地下室设计？
0,guangzhou.txt,首层需要设置吗？
0,henan.txt,100m2时，是否需设置排烟设施？
0,henan.txt,10m，消防车登高操作场地至建筑外墙之间距离应如何确定？
0,henan.txt,18m3？
0,henan.txt,2.2m，是否必须设消火栓？
0,henan.txt,40mH2O）？
0,henan.txt,5m，是否有消防车道距建筑最远距离要求？
0,henan.txt,7.2.2条要求，在消防登高操作场地与建筑之间能否设置非机动车坡道及无人员停留的机械车库出入口？
0,henan.txt,7.2.3条要求，建筑物与消防车登高操作场地之间，是否可以通过扩大封闭楼梯间或扩大防烟楼梯间前室后再进入楼梯间？
0,henan.txt,PS2所对应的压力为准？
0,henan.txt,―hL（1）地下楼梯间采用自然通风对其地下层数及高度有无要求？
0,henan.txt,―??路设置是否可行？
0,henan.txt,―于其所服? 规定，请问分段高度如何理解？
0,henan.txt,―分区时，消火栓系统是否需要根据消防分区分别设置水泵接合器？
0,henan.txt,O时，是否设置灭火器？
0,henan.txt,一类、二类高层民用建筑的自动扶梯底部是否需要设置自动喷水灭火系统？
0,henan.txt,不临外墙且无法通至屋顶的楼梯间，可否不设置固定窗？
0,henan.txt,与室外空气直接相通的排烟系统压出段与送风系统吸入段是否可采用土建风道？
0,henan.txt,两部消防电梯共用一个集水井时，集水井的有效容积如何确定？
0,henan.txt,个安全出口使用？
0,henan.txt,个安全出口可以按户内“跃层式”住宅考虑？
0,henan.txt,个安全出口？
0,henan.txt,二类高层、多层公共建筑的旅馆、宿舍、公寓等居住房间的卫生间是否可以不布置喷头？
0,henan.txt,人防防护单元经常与平时防火分区不重合，造成防烟分区跨越防护单元，是否可以？
0,henan.txt,住宅建筑的避难房间是否应设置在消防车登高操作场地一侧？
0,henan.txt,住宅的商业网点、地下室储藏室是否需要设自动喷水灭火系统？
0,henan.txt,住宅部分的消防电梯在裙房（含商业服务网点）楼层是否还需停靠？
0,henan.txt,公共建筑内卫生间的疏散门宽度如何确定？
0,henan.txt,其他场所是否可借用该安全出口疏散？
0,henan.txt,冷库冷间是否需要设置排烟设施？
0,henan.txt,剪刀楼梯间作为安全出口的使用范围？
0,henan.txt,办公楼、教学楼、商场等建筑开敞外廊的建筑面积是否需要计入防火分区建筑面积？
0,henan.txt,同一防烟分区当有多个空间净高时，如何进行排烟设计？
0,henan.txt,同层的地下商业营业厅和地下车库的防火分区能否相互借用安全出口解决疏散宽度和疏散距离？
0,henan.txt,在此空间设置的机动车位及非机动车位是否视为妨碍消防车操作的障碍物？
0,henan.txt,地下室楼梯是否需与消防登高场地相对应？
0,henan.txt,地下汽车库的建筑灭火器配置如何设置？
0,henan.txt,地下设备用房如何划分防火分区？
0,henan.txt,地下车库的汽车坡道是否应划分防火分区，其疏散距离是否限制？
0,henan.txt,地下非机动车库是否可以与其配套的设备用房划分在同一个防火分区内？
0,henan.txt,复杂走道的长度如何测量计算？
0,henan.txt,如果可以共用，有何前提条件？
0,henan.txt,字型的民用建筑，其两翼相对外墙之间的距离如何控制？
0,henan.txt,学校内的实训楼呢？
0,henan.txt,对于“分离式核心筒”住宅建筑该如何控制？
0,henan.txt,对于建筑防火分区的划分，存在以下问题：（1）若住宅楼地下室单独划分防火分区，地下车库防火分区能否不设单独的疏散楼梯，全部借用住宅楼楼梯？
0,henan.txt,尽端式消防车道长度大于多少时需要设置消防回车场地？
0,henan.txt,层时，疏散门开启层数如何取值？
0,henan.txt,应如何取值？
0,henan.txt,建筑内的自动扶梯，上下贯通数层，是否需要设置排烟设施？
0,henan.txt,建筑首层楼梯间如何布置可认定为是直通室外？
0,henan.txt,当住宅与其他使用功能的建筑合建时，如何计算该建筑的室内、室外消火栓用水量？
0,henan.txt,当设计为坡屋面时是否可以通过室内通道连通？
0,henan.txt,挡烟垂壁底部距地高度有无要求？
0,henan.txt,排烟口距顶板距离有何要求？
0,henan.txt,控制？
0,henan.txt,时，是否应设置排烟设施？
0,henan.txt,时，消防车登高操作场地如何布置？
0,henan.txt,是否包含雨棚？
0,henan.txt,是否可以通过地下车库或非机动车库疏散？
0,henan.txt,是否可以采用隐形消防车道和隐形消防车登高操作场地？
0,henan.txt,未明确工业建筑如何设置，请问工业建筑是否参照公共建筑执行？
0,henan.txt,机械加压送风量计算中：（1）住宅建筑三合一前室一层内疏散门开启门数，应如何取值？
0,henan.txt,条中的“避难房间”？
0,henan.txt,条对市政消火栓的要求？
0,henan.txt,条的规定？
0,henan.txt,条规定的建筑是否需要设置自动喷水灭火系统？
0,henan.txt,条规定的间距要求？
0,henan.txt,条规定的高度是否是指建筑高度还是楼梯间高度？
0,henan.txt,条设置就地液位显示装置等？
0,henan.txt,条设置甲级防火门？
0,henan.txt,条设计？
0,henan.txt,款中“重要建筑”如何界定？
0,henan.txt,款中的楼梯间应在首层直通室外？
0,henan.txt,款如何理解？
0,henan.txt,款规定排烟风机与排风风机的合用机房，应设置自动喷水灭火系统，请问仅设置一台排风兼排烟风机的风机房是否应设置自动喷水灭火系统？
0,henan.txt,此防火墙上是否允许开设必须的甲级防火门或防火卷帘？
0,henan.txt,消防回车场地的尺寸如何控制？
0,henan.txt,消防控制室是否需要设置自动灭火系统？
0,henan.txt,消防电梯出口是否应直通消防车登高操作场地？
0,henan.txt,消防电梯排水集水坑能否接纳其它废水？
0,henan.txt,消防车登高操作场地及消防车道受建筑布局影响时，利用城乡道路设置是否可行？
0,henan.txt,电影院区域若存在两个及以上防火分区，应如何设置安全出口和疏散楼梯？
0,henan.txt,疏散出口？
0,henan.txt,的住宅建筑，其两部楼梯间（非剪刀梯）在首层与消防电梯的共用前室可否采用自然通风？
0,henan.txt,的公共建筑？
0,henan.txt,的区域是否可不控制排烟口最大允许排烟量？
0,henan.txt,的区域的机械排烟口是否可不设置在储烟仓内？
0,henan.txt,的区域的自然排烟窗（口）是否可不设置在储烟仓内？
0,henan.txt,的情况，请问这种情况防烟分区长度如何执行？
0,henan.txt,的要求？
0,henan.txt,的设备用房是否应设置排烟设施？
0,henan.txt,的连接部分相连时，应如何设置消防车登高操作场地？
0,henan.txt,米，该条文中排烟口是否仅指机械排烟口？
0,henan.txt,股水柱同时到达？
0,henan.txt,表要求？
0,henan.txt,规定的排烟口位置系数γ如何取值？
0,henan.txt,设置在商业营业厅内的附属库房，其防火分区的建筑面积、防火分隔、人员疏散计算等应如何确定？
0,henan.txt,设置在地下车库、地下非机动车库中的普通电梯是否需要设置电梯厅和其他空间分开？
0,henan.txt,设置排烟设施的场所，当需要设置自然补风时，其面积如何计算？
0,henan.txt,该条中“顶部”应如何理解？
0,henan.txt,非机动车坡道能否做为地下机动车库的人员疏散出口？
0,henan.txt,非机动车库内的最大疏散距离按什么控制？
0,henan.txt,高度是指建筑高度还是楼梯间高度？
0,henan.txt,（1）位于高层建筑底层的商铺等功能空间，其外开门上方是否需要设置防护挑檐？
0,henan.txt,（1）消防用风管、风口计算断面尺寸规格时，其风量是否可按计算风量确定？
0,henan.txt,（2）三合一前室采用机械加压送风，其楼梯间可否采用自然通风？
0,henan.txt,（2）位于高层建筑底层架空或局部架空区域直通室外安全出口位置上方是否需要设置防护挑檐？
0,henan.txt,（2）该条规定的直通室外的疏散门，有无特别要求？
0,henan.txt,（3）位于高层建筑裙房部分的安全出口是否需要设置防护挑檐？
0,henan.txt,（3）商业服务网点疏散距离怎么规定？
0,henan.txt,（3）该条规定的最高部位如何理解？
0,henan.txt,（4）商业服务网点是否需要每分隔单元均设置消防救援窗，消防救援窗的设置有何要求？
0,jiangsu.txt,4.8m？
0,jiangsu.txt,5%？
0,jiangsu.txt,5m？
0,jiangsu.txt,”此处的首层疏散外门是否包括门厅内楼梯间的首层疏散门？
0,jiangsu.txt,”问：楼梯间窗口与敞开外廊之间的距离如何控制？
0,jiangsu.txt,O可开启外窗或外门，是否满足楼梯间自然通风要求？
0,jiangsu.txt,O可开启外窗？
0,jiangsu.txt,O的固定窗？
0,jiangsu.txt,一个门上既设置门禁又设置防火门监控系统，是否合理？
0,jiangsu.txt,丁、戊类多层厂房的疏散楼梯间也需要首层平面直通室外吗？
0,jiangsu.txt,丙、丁、戊类厂房内甲、乙类工段与其他部分应如何进行分隔？
0,jiangsu.txt,主要消防车道路是指哪些道路？
0,jiangsu.txt,乙类厂房和丙、丁、戊类厂房是否可以贴邻建造？
0,jiangsu.txt,人的厂房，是否要设置防烟楼梯间？
0,jiangsu.txt,位巡检人员，且占地面积小，是否可以考虑不设置消防车登高操作场地？
0,jiangsu.txt,住宅建筑的普通电梯和消防电梯是否可以同时设在防烟楼梯间前室？
0,jiangsu.txt,冷库作为厂房的中间仓库是否可以？
0,jiangsu.txt,冷库是否可以与厂房合建？
0,jiangsu.txt,凹槽中底层有突出高层的建筑是否影响消防扑救或救援？
0,jiangsu.txt,半敞开式厂房、敞开式厂房是否每层需要设置窗槛墙？
0,jiangsu.txt,厂区内全智能无人库房是否可以与其他库房、办公等合建？
0,jiangsu.txt,厂房内通往检修平台、操作平台的楼梯宽度是否有要求？
0,jiangsu.txt,合并后的商业是否仍是商业服务网点？
0,jiangsu.txt,商业服务网点中的居家养老服务用房是否有使用人数（床位）的限定？
0,jiangsu.txt,商业服务网点可以做开敞楼梯吗？
0,jiangsu.txt,处？
0,jiangsu.txt,夹层的最大允许面积有没有相应限制？
0,jiangsu.txt,如小型儿童培训机构、托育中心、修脚店等可否设置在商业服务网点内？
0,jiangsu.txt,如果一层住户不满足两个安全出口的要求，是否可以？
0,jiangsu.txt,如果可以，疏散距离如何确定？
0,jiangsu.txt,室内最远点至最近出口的疏散距离有没有规定？
0,jiangsu.txt,对于升出地下室顶板的机械排烟井、进风井是否需要执行此要求？
0,jiangsu.txt,对于工艺上无法与其他部分完全分隔的甲、乙类工段，如何处理？
0,jiangsu.txt,将一层户型的阳台门作为第二个安全出口，是否可以？
0,jiangsu.txt,层住宅建筑，地下室电梯门和电气管井（为本栋住宅服务）检修门可否开设在地下室的封闭楼梯间内？
0,jiangsu.txt,层生产车间为丁、戊类，该层是5否能够按照丁、戊类单独划分防火分区，并按丁戊类设计相关消防设施？
0,jiangsu.txt,工厂的办公楼与食堂合建的建筑是否属于人员密集场所？
0,jiangsu.txt,库房是否可以与其他库房、办公等合建？
0,jiangsu.txt,强条要求是否同样适用于工业建筑？
0,jiangsu.txt,按容积、容积比可不定性为甲、乙类火灾危险性类别的封闭场所或区域是否需要考虑防爆（建筑、电气等方面）？
0,jiangsu.txt,控制？
0,jiangsu.txt,是从突出的楼梯间外墙计算还是从疏散连廊计算？
0,jiangsu.txt,是否只需要在厂区主入口设置？
0,jiangsu.txt,是否需要设置环形？
0,jiangsu.txt,最高部位如何界定？
0,jiangsu.txt,条室外疏散楼梯的消防要求？
0,jiangsu.txt,条考虑？
0,jiangsu.txt,条要求？
0,jiangsu.txt,条？
0,jiangsu.txt,标准层穿过消防电梯前室再到楼梯间前室的做法，是否可行？
0,jiangsu.txt,款规定时，天井内的窗都设置为乙级防火窗，是否可以？
0,jiangsu.txt,此门是否可采用普通门？
0,jiangsu.txt,民用建筑之间采用设有卫生间的连廊联系，该出口是否可作为安全出口？
0,jiangsu.txt,消防电梯井、机房与相邻消防电梯井、机房之间是否可以不做分隔？
0,jiangsu.txt,甲类仓库跟燃气调压柜之间的防火间距应当怎么确定？
0,jiangsu.txt,的净宽？
0,jiangsu.txt,的要求？
0,jiangsu.txt,的高层住宅是否过于苛刻？
0,jiangsu.txt,的高层住宅，连廊是否可以看成防烟楼梯间的前室？
0,jiangsu.txt,的高度要求？
0,jiangsu.txt,类防火玻璃？
0,jiangsu.txt,若消防电梯前室与敞开连廊合为一个合用前室，住宅户门至楼梯间的门是否有距离控制要求？
0,jiangsu.txt,该厂房火灾危险性是否为丁类？
0,jiangsu.txt,该门是否可以为普通门？
0,jiangsu.txt,该门的净宽有何要求？
0,jiangsu.txt,还是可按室外台阶？
0,jiangsu.txt,还是需要以防火分区形式进行分隔？
0,jiangsu.txt,还是需要执行更高的要求？
0,jiangsu.txt,这样设置是否可行？
0,jiangsu.txt,进行控制？
0,jiangsu.txt,连廊的最小宽度是否有要求？
0,jiangsu.txt,部楼梯）的规定？
0,jiangsu.txt,部楼梯？
0,jiangsu.txt,问题（2）：规范要求独立的安全出口，是否是独立的楼梯间？
0,jiangsu.txt,防火分区防火门和设置门禁的门在建筑设计中能否分开设置？
0,jiangsu.txt,（在首层楼梯平台下设置是否可行？
0,jiangsu.txt,）如可开启外窗无法设置于首层最高部位，是否需要设置机械加压送风系统？
0,nanning.txt,1.1.10歌舞娱乐放映游艺场所内设置配套营业用房应按何要求进行防火设计？
0,nanning.txt,4.2.27 商业扶梯开洞，上下贯通区域，是51.1.11室内装修工程全部都要按现行防火设计标准设计吗？
0,nanning.txt,??是防火百叶？
0,nanning.txt,O的暗房间有直接对室外的外门，是否需要排烟？
0,nanning.txt,下沉式广场的回廊是否需要计算防火分区面积？
0,nanning.txt,事故通风机房能否设置在地下室？
0,nanning.txt,什么是人员密集的厂房？
0,nanning.txt,以合用一套排烟系统？
0,nanning.txt,儿童活动场所的判定标准？
0,nanning.txt,公寓式办公楼、公寓式酒店、公寓式住宅等其他类型公寓应按何要求进行防火设计？
0,nanning.txt,剧场、电影院、礼堂与其他区域如何做防火分隔？
0,nanning.txt,因扩建而增加建筑局部面积，如局部增设夹层、封堵中庭洞口等，造成原有防火分区分隔和面积变动的情况下，应按何要求进行防火设计？
0,nanning.txt,地下商业与汽车库之间如何做防火分隔？
0,nanning.txt,如采用中庭与其他区域分隔时，是否可以使用防火卷帘？
0,nanning.txt,对原有建筑进行扩建，应按何要求进行防火设计？
0,nanning.txt,对建筑上部进行的加层改建，应按何要求进行防火设计？
0,nanning.txt,建筑之间设置连廊或天桥时，应符合哪些要求？
0,nanning.txt,拼接组合的住宅建筑两个单元之间的防火间距应如何设计？
0,nanning.txt,教学的实训楼应按何要求进行防火设计？
0,nanning.txt,无治疗功能的休养性质月子护理中心应按何要求进行防火设计？
0,nanning.txt,是否要在最小清晰高度以上？
0,nanning.txt,木器厂房的定义是什么？
0,nanning.txt,条规定，即风管不能穿越锅炉房隔墙？
0,nanning.txt,民用建筑附属库房如何控制面积规模？
0,nanning.txt,沿住宅小区或机关企事业单位内的道路布置的单排停车位与建筑间距是否可不按停车场距离民用建筑间距来控？
0,nanning.txt,消防水池可以不计算防火分区面积吗？
0,nanning.txt,生产的物质火灾危险性类别是哪一类？
0,nanning.txt,电动自行车与建筑之间的防火距离如何确定？
0,nanning.txt,的倍数？
0,nanning.txt,自动扶梯、敞开楼梯、大堂、门厅等上、下层连通的开口是否可参照中庭要求设防火卷帘分隔？
0,nanning.txt,设置在住宅建筑中的一、二层的物业管理、居委会、社区活动站等住宅配套用房能定义为商业服务网点吗？
0,nanning.txt,重要公共建筑的判定标准是什么？
0,nanning.txt,门是否可以作为自然排烟的排烟口？
0,nanning.txt,附设在汽车库的设备用房是否需要独立设防火分区？
0,nanning.txt,高层民用建筑中的实验室日常使用的少量甲、乙类气体的储藏间如何设置？
0,shijiazhuang.txt,1.0.10美容院使用性质应按照歌舞娱乐放映游艺场所确定吗？
0,shijiazhuang.txt,1.0.12超大城市综合体是如何定义的？
0,shijiazhuang.txt,1.0.13农家乐（民宿）是如何定义的？
0,shijiazhuang.txt,1.0.14售楼处是人员密集场所吗？
0,shijiazhuang.txt,1.0.4老年人照料设施有哪些？
0,shijiazhuang.txt,1.0.5足疗店消防设计如何定性？
0,shijiazhuang.txt,1.0.7用于教学的实训楼如何消防定性？
0,shijiazhuang.txt,1.0.9月子中心应按照什么标准进行消防设计？
0,shijiazhuang.txt,13.7.4条对消防设备末端切换要求不一致，如何执行？
0,shijiazhuang.txt,2.0.5民用建筑与地下汽车库出地面疏散楼梯的防火间距如何确定？
0,shijiazhuang.txt,2.0.8电动自行车停车库设置有什么要求？
0,shijiazhuang.txt,2.0.9裙房与高层建筑主体的耐火等级是否要一致？
0,shijiazhuang.txt,20m）是否需排烟设施？
0,shijiazhuang.txt,3.0.10体育场馆比赛大厅（含看台和场地）和观众休息厅是否可按一个防火分区设计？
0,shijiazhuang.txt,3.0.12影院、礼堂、剧场候场大厅处的防火分隔墙能否采用防火卷帘替代？
0,shijiazhuang.txt,3.0.13商业建筑附属库房有何要求？
0,shijiazhuang.txt,3.0.15地下或半地下商店可以设置与地上部分的空间贯通的中庭吗？
0,shijiazhuang.txt,3.0.16住宅建筑防烟楼梯间前室、合用前室内设置设备管井有何限制？
0,shijiazhuang.txt,3.0.19住宅建筑下部设置商业服务网点后，该建筑是否仍可按住宅建筑进行防火设计？
0,shijiazhuang.txt,3.0.25商业服务网点的外墙面是否能突出住宅建筑的外墙？
0,shijiazhuang.txt,3.0.28地下汽车库内是否可以放置为该项目使用的设备用房？
0,shijiazhuang.txt,3.0.29当汽车库内有设备用房时或者其他功能房间利用车库疏散楼梯时，疏散距离如何计算？
0,shijiazhuang.txt,3.0.2住宅建筑地下室的服务于上部住宅被分隔成小间的储藏室，需按工业建筑中的仓库类型划分防火分区吗？
0,shijiazhuang.txt,3.0.31“下沉广场”的外墙与“下沉广场”之间的回廊进深是否有要求？
0,shijiazhuang.txt,3.0.32当下沉式广场兼作人员疏散时，下沉式广场的人员密度如何计算？
0,shijiazhuang.txt,3.0.3住宅建筑可以地下一层跃首层（地下一层与首层连通）吗？
0,shijiazhuang.txt,3.0.4地下商业区域与汽车库防火分隔有何规定？
0,shijiazhuang.txt,3.0.6住宅建筑是否要划分防火分区？
0,shijiazhuang.txt,317.2.10住宅小区内相邻建筑物的水泵接合器是否可以共用？
0,shijiazhuang.txt,3防火分区和平面布置3.0.1防火分区面积可以按使用面积计算吗？
0,shijiazhuang.txt,4.0.10幼儿园建筑楼梯要做封闭楼梯间吗？
0,shijiazhuang.txt,4.0.11相邻防火分区之间的疏散楼梯间，是否可以共用？
0,shijiazhuang.txt,4.0.13建筑夹层疏散设计是怎么规定的？
0,shijiazhuang.txt,4.0.18综合体内电影院人数如何计算？
0,shijiazhuang.txt,4.0.21健身房的疏散人数如何计算？
0,shijiazhuang.txt,4.0.22非机动车坡道在地下出入口处可以不设门吗？
0,shijiazhuang.txt,4.0.3公共建筑的疏散楼梯在首层直通室外的疏散走道宽度如何计算？
0,shijiazhuang.txt,4.0.6高层住宅剪刀梯在首层是否可通用一个门厅对外疏散？
0,shijiazhuang.txt,4.0.7高层、多层住宅建筑中商业服务网点内的疏散距离是按高层建筑还是按多层建筑？
0,shijiazhuang.txt,4.0.8商业服务网点中每个分隔单元的疏散楼梯净宽度按多少设计？
0,shijiazhuang.txt,5.0.12防烟楼梯间在首层和通向屋面处能否不设置前室，使得楼梯间的门能直接对外？
0,shijiazhuang.txt,5.0.13防烟楼梯间前室、封闭楼梯间的首层及出屋面外门，是否要求用防火门？
0,shijiazhuang.txt,5.0.14屋面板是否为屋顶承重构件？
0,shijiazhuang.txt,5.0.15在房屋建筑中，屋顶承重构件包括哪些？
0,shijiazhuang.txt,5.0.16疏散走道两侧的隔墙能否设普通玻璃窗？
0,shijiazhuang.txt,5.0.20很多住宅建筑外墙上设置造型线角等装饰构件，规范对其燃烧性能是否有要求？
0,shijiazhuang.txt,5.0.3建筑专业设计施工图如何明确外墙保温的防火要求？
0,shijiazhuang.txt,5.0.6建筑中庭天窗光顶与建筑物之间满足什么消防间距？
0,shijiazhuang.txt,5.0.9民用建筑设置内天井防火间距有什么规定？
0,shijiazhuang.txt,5000m3，室内消火栓用水量如何考虑？
0,shijiazhuang.txt,579.4.12多层住宅有地下室，且有两个或以上防火分区时，其通道上设置了常开防火门，是否需要设置火灾自动报警系统，如何设置？
0,shijiazhuang.txt,5m，其最大距离有无要求？
0,shijiazhuang.txt,5m，是否该距离由设计人员掌握？
0,shijiazhuang.txt,5建筑构造5.0.1建设工程中对异型防火卷帘有什么规定？
0,shijiazhuang.txt,6.0.11厂房、仓库、商场、展览等大空间建筑的消防救援窗口如何设置？
0,shijiazhuang.txt,6.0.13敞开外廊、阳台的门、窗可以作为消防救援口？
0,shijiazhuang.txt,6.0.15当其他功能用房与地下汽车库上下组合建造时，消防电梯如何设置？
0,shijiazhuang.txt,6.0.17住宅建筑与公共建筑合建时消防电梯应每层停靠吗？
0,shijiazhuang.txt,6.0.19消防电梯与普通电梯是否可以合用前室？
0,shijiazhuang.txt,6.0.5超高层建筑的避难区需要设置在消防车登高场地一侧吗？
0,shijiazhuang.txt,7.1.2高层建筑楼顶通风、正压送风机房、排烟机房等消防设施如何设置？
0,shijiazhuang.txt,7.1.3除商业服务网点外，住宅建筑与其他使用功能的建筑合建时，其屋顶高位消防水箱有效容积如何确定？
0,shijiazhuang.txt,7.1.4单建的地下、地上汽车库，其室内外消火栓用水量，按哪本规范执行？
0,shijiazhuang.txt,7.1.8丙类厂房的室内消火栓箱内是否要设置消防软管卷盘？
0,shijiazhuang.txt,7.2.12两部电梯相邻设置，（1）两部电梯为消防电梯时，是否可以共用集水坑？
0,shijiazhuang.txt,7.2.21如下图所示的消防水泵吸水管路的布置方式是否可行？
0,shijiazhuang.txt,7.2.23消防泵房、消防电梯集水坑和设有消防给水的地下室内消防排水设施是否均需采用消防电源？
0,shijiazhuang.txt,7.2.2消防软管卷盘是否需要设置消火栓报警按钮？
0,shijiazhuang.txt,7.2.3室外消火栓系统是否可以利用消防水箱稳压？
0,shijiazhuang.txt,7.2.4多种功能组合的公共建筑、除商业网点外住宅建筑与其他使用功能的建筑合建的建30筑、高级宾馆的火灾延续时间如何确定？
0,shijiazhuang.txt,7.3.11高层住宅小区（或者多层住宅小区）设置在地下车库（已经设置自动喷水灭火系统）内的变配电室、水泵房、空调机房需要设置自动灭火系统吗？
0,shijiazhuang.txt,7.3.12含充电桩的地下车库，一定要做泡沫-水喷淋系统吗，可否只做湿式自动喷水灭火系统？
0,shijiazhuang.txt,7.3.15二类高层宿舍楼的宿舍是否要设置喷头？
0,shijiazhuang.txt,7.3.17小区地下车库的坡道上是否需要设计喷淋？
0,shijiazhuang.txt,7.3.3五层办公楼（多层建筑），其中一～三层为商店、餐饮、娱乐，设置了自动喷水灭火系统，四层、五层为办公，办公部分是否设置自动喷水灭火系统？
0,shijiazhuang.txt,7.3.6按《建规》要求卫生间内应设置自动喷水灭火系统，如宾馆卫生间的淋浴部分是单独隔间，是否需要设置喷头？
0,shijiazhuang.txt,7.3.8单独修建的地下燃油锅炉房、柴油发电机房需要配置自动喷水灭火系统吗？
0,shijiazhuang.txt,7.3自动喷水灭火系统7.3.1设置了机械停车位的地下车库自动喷水灭火系统流量如何计算？
0,shijiazhuang.txt,7.4.2民用建筑中，哪些变配电室需要配置气体灭火系统吗？
0,shijiazhuang.txt,7.4.3消控室是否需要设置自动灭火系统？
0,shijiazhuang.txt,7.4.4自动消防炮可以设计为干式系统吗？
0,shijiazhuang.txt,8.1.10面积较小的避难间采用自然通风时，是否必须满足GB51251-2017第3.2.3条要求？
0,shijiazhuang.txt,8.1.14加压送风机、补风机的压出段及排烟风机的吸入段能否采用土建风道？
0,shijiazhuang.txt,8.1.15住宅中的前室或合用前室进行加压送风量计算时，子母门（户门）是否可按单扇门考虑？
0,shijiazhuang.txt,8.1.16计算封闭楼梯间加压送风量时，门洞风速如何确定？
0,shijiazhuang.txt,8.1.17设有外窗的防烟楼梯间、前室不易于产生“超压”现象，加压送风系统是否可不设测压装置及风压调节措施？
0,shijiazhuang.txt,8.1.18超高层建筑加压送风系统是否可以跨越避难层设置？
0,shijiazhuang.txt,8.1.19住宅地上、地下楼梯间可否合用加压送风系统？
0,shijiazhuang.txt,8.1.21超高层建筑内区（核心筒）的楼梯间应如何设置顶部固定窗？
0,shijiazhuang.txt,8.1.22加压送风管是否可以穿越走廊及其它房间？
0,shijiazhuang.txt,8.1.5敞开楼梯间是否需满足自然通风要求？
0,shijiazhuang.txt,8.1.6地下楼梯间是否可以采用自然排烟？
0,shijiazhuang.txt,8.1.8封闭楼梯间、防烟楼梯间、前室采用自然通风时，对可开启外窗有何要求？
0,shijiazhuang.txt,8.1.9建筑首层扩大前室如何进行防烟设计？
0,shijiazhuang.txt,8.2.11体育比赛厅的自然排烟窗，是否需要设置集中手动、自动开启装置？
0,shijiazhuang.txt,8.2.13竖向布置的排烟系统负担了多个防火分区，那么其每层的支管是否也可以负担多个防火分区？
0,shijiazhuang.txt,8.2.15排烟管道是否可以穿越楼梯间、前室、扩大前室及避难区？
0,shijiazhuang.txt,8.2.16同一空间划分为多个防烟分区时，空间内的支风管还需要设排烟防火阀吗？
0,shijiazhuang.txt,8.2.19机械排烟系统一个防烟分区内需要多个排烟风口时，排烟口之间有最小距离要求吗？
0,shijiazhuang.txt,8.2.20地下室房间、走道采用窗井自然排烟时，自然排烟窗之间是否有最小距离要求？
0,shijiazhuang.txt,8.2.21设置机械排烟设施的场所，是否可以将补风口设置在相邻的走道内？
0,shijiazhuang.txt,8.2.23如何计算竖向机械排烟系统的排烟量？
0,shijiazhuang.txt,8.2.29地下室或半地下室内的非机动车库是否需要设置排烟设施？
0,shijiazhuang.txt,8.2.2冷库的冷藏间、冻结间是否需设防排烟系统？
0,shijiazhuang.txt,8.2.30歌舞娱乐放映游艺场所排烟系统应如何设计？
0,shijiazhuang.txt,8.2.31地下汽车库坡道出入口是否可作为机械排烟系统的补风口？
0,shijiazhuang.txt,8.2.32游泳馆、冰球场等场所，是否需要设置排烟设施？
0,shijiazhuang.txt,8.2.33可以向下沉式广场设置机械排烟口吗？
0,shijiazhuang.txt,8.2.3设备机房是否需设排烟设施？
0,shijiazhuang.txt,8.2.6设置气体灭火系统、细水雾灭火系统的房间是否需排烟设施？
0,shijiazhuang.txt,8.2.7同一空间内的多个防烟分区是否可以同时采用自然排烟和机械排烟？
0,shijiazhuang.txt,8.2.9当走道局部变宽时，如何确定防烟分区长边长度？
0,shijiazhuang.txt,8.3.2商业用气场所是否设事故通风系统，是否必须采用防爆风机？
0,shijiazhuang.txt,8.3.3住宅套内的风管是否可以采用难燃材料？
0,shijiazhuang.txt,80％？
0,shijiazhuang.txt,82.0.4大底盘多层裙房之上的多幢民用建筑，如何确定其防火间距？
0,shijiazhuang.txt,9.2.11配电干线与支线如何界定？
0,shijiazhuang.txt,9.2.14高层住宅建筑中明敷设的配电线路采用什么导线？
0,shijiazhuang.txt,9.2.15消防楼层箱设在电井里,引出的支线在井内部分明敷时是否要用矿物绝缘电缆？
0,shijiazhuang.txt,9.2.16建筑物内电气线路贯穿孔口，如何采取防火封堵措施？
0,shijiazhuang.txt,9.2.3规范中“消防配电设备应有明显标志”如何在图纸设计中体现？
0,shijiazhuang.txt,9.2.5消防设备过负荷保护如何设置？
0,shijiazhuang.txt,9.2.6消防设备用房内附属设备配电电源是否可以引自为主设备供电的消防双电源配电箱？
0,shijiazhuang.txt,9.2.8车库内水专业经常设置消防管道电伴热，是否按照消防负荷配电？
0,shijiazhuang.txt,9.2.9三级负荷消防用电，一定要双回线路末端切换吗？
0,shijiazhuang.txt,9.2低压配电系统9.2.1给消防负荷供电的配电箱如何设置？
0,shijiazhuang.txt,9.3.10防烟楼梯间设独立照明配电箱，该配电箱设置于何处？
0,shijiazhuang.txt,9.3.11高层住宅商业网点应急照明是否需要采用集中控制型系统？
0,shijiazhuang.txt,9.3.13消防双电源配电线路能否跨越防火分区为集中电源供电？
0,shijiazhuang.txt,9.3.23商业服务网点是否需要设置消防应急照明和疏散指示标志？
0,shijiazhuang.txt,9.3.4面积较大的设备房内是否根据设备摆放设置疏散指示标志灯？
0,shijiazhuang.txt,9.3.5仅作为检修而上人的吊顶内是否要做疏散照明或备用照明？
0,shijiazhuang.txt,9.3.6电气竖井、排烟机房、电梯机房内是否做备用照明？
0,shijiazhuang.txt,9.3.7设置备用照明的场所，其灯具是否还需考虑蓄电池供电？
0,shijiazhuang.txt,9.3.8高层或多层办公楼，其分隔的各个办公室内是否需要设置疏散照明和疏散指示？
0,shijiazhuang.txt,9.3.9无人值班的设备房是否需设疏散照明？
0,shijiazhuang.txt,9.4.10消防电源监控系统是否必须设置？
0,shijiazhuang.txt,9.4.11地下车库车辆通道上设置的防火卷帘门，是一步降底还是两步降底？
0,shijiazhuang.txt,9.4.13消防水泵是否需要设置自动巡检装置？
0,shijiazhuang.txt,9.4.14火灾时，消防联动启动排烟系统时是否同时停止空气调节系统？
0,shijiazhuang.txt,9.4.16水池超低液位报警是否需要停止消防泵工作？
0,shijiazhuang.txt,9.4.17排烟风管上各排烟阀及送风风管上的防火阀是否均需联动控制风机？
0,shijiazhuang.txt,9.4.2可燃气体报警系统是否属于火灾自动报警系统的一部分？
0,shijiazhuang.txt,9.4.3住宅建筑内的厨房是否设置可燃气体探测器？
0,shijiazhuang.txt,9.4.4规范要求总线上应设置总线短路隔离器，总线短路隔离器是否需隔离电源总线？
0,shijiazhuang.txt,“其他重要建筑”范围？
0,shijiazhuang.txt,O划分防火单元？
0,shijiazhuang.txt,O的住宅的地下非机动车库（含自行车库），需要设置自动喷水灭火系统吗？
0,shijiazhuang.txt,O的影厅设置机械排烟系统时，是否需要设计补风系统？
0,shijiazhuang.txt,O，地上部分需要设置自动喷水灭火系统吗？
0,shijiazhuang.txt,O，还按照这一条执行吗？
0,shijiazhuang.txt,三本规范中对个别场所的疏散照明的地面水平最低照度要求不一致时，如何处理？
0,shijiazhuang.txt,不能暗装，明装又会影响疏散，是否可设置于电井内？
0,shijiazhuang.txt,个安全出口问题，而连廊是通过防烟楼梯间前室或合用前室连通的，是否可行？
0,shijiazhuang.txt,中规定的灭火系统替代自动喷水灭火系统？
0,shijiazhuang.txt,为何可燃气体探测器不能直接接入信号报警总线？
0,shijiazhuang.txt,仅作为检修时才有人进入的管道夹层内，是否也要做疏散照明或备用照明？
0,shijiazhuang.txt,以下吗？
0,shijiazhuang.txt,值如何确定？
0,shijiazhuang.txt,公共建筑的消防应急照明可以兼用日常照明吗？
0,shijiazhuang.txt,共用时坑有效容积如何确定？
0,shijiazhuang.txt,共用集水坑有效容积如何确定？
0,shijiazhuang.txt,其是否占用地址数？
0,shijiazhuang.txt,其疏散人数如何计算？
0,shijiazhuang.txt,减压阀后压力如何取值？
0,shijiazhuang.txt,前室加压送风口有多种布置形式，分别有何具体要求？
0,shijiazhuang.txt,只”，两条规范灯具数量不一样，如何处理？
0,shijiazhuang.txt,台消防电梯吗？
0,shijiazhuang.txt,吗？
0,shijiazhuang.txt,商业服务网点的楼梯踏步按什么标准考虑？
0,shijiazhuang.txt,型口的民用建筑，其两翼外墙之间是否有防火间距要求？
0,shijiazhuang.txt,型天井且以连廊联系时，天井及其尺寸如何要求？
0,shijiazhuang.txt,型灯具吗？
0,shijiazhuang.txt,型走道呢？
0,shijiazhuang.txt,如何具体操作？
0,shijiazhuang.txt,如果可以室外连廊外侧可以视为建筑外墙吗？
0,shijiazhuang.txt,如果可以需采取哪些措施？
0,shijiazhuang.txt,安全疏散如何考虑？
0,shijiazhuang.txt,室内消火栓水量如何选取？
0,shijiazhuang.txt,室内消火栓竖向分区供水时，水泵接合器如何设置？
0,shijiazhuang.txt,对同一天井开窗的户数如何要求？
0,shijiazhuang.txt,层的加压送风系统是否可以采用常开风口？
0,shijiazhuang.txt,带有温控功能的自动排烟窗是否可仅采用温度释放装置联动的控制方式？
0,shijiazhuang.txt,并将灭火救援窗设置在实体幕墙后，此种做法是否允许？
0,shijiazhuang.txt,应如何设计楼梯间顶部的固定窗？
0,shijiazhuang.txt,店如何消防定性？
0,shijiazhuang.txt,店按照什么建筑考虑？
0,shijiazhuang.txt,度时，最近的门窗洞口防火间距有何要求？
0,shijiazhuang.txt,度？
0,shijiazhuang.txt,开敞楼梯间是否也需要设应急广播扬声器吗？
0,shijiazhuang.txt,当总平面图条件受限，车库出入口可否面向消防车登高操作场地？
0,shijiazhuang.txt,当总平面图条件受限，通往楼梯间的门厅、走道是否可以直通消防车登高操作场地？
0,shijiazhuang.txt,当营业厅内设置餐饮场所时能否同其他商业营业厅防火分区一样大呢？
0,shijiazhuang.txt,当走廊采用机械排烟时，如何计算走廊排烟量及开窗面积？
0,shijiazhuang.txt,当取设置乙级防火窗时需要自行关闭吗？
0,shijiazhuang.txt,按照多层公建还是住宅？
0,shijiazhuang.txt,是否包括汽车库？
0,shijiazhuang.txt,是否必须通过“硬线”实现？
0,shijiazhuang.txt,本工程主要功能：地下三层为汽车库，地下二层～五层为医技用房，六～十五层为病房；此类工程的火灾延续时间如何确定？
0,shijiazhuang.txt,条中出现的“儿童活动场所”包括哪些场所？
0,shijiazhuang.txt,条中所提到的“建筑高度”是指《建规》中规定的建筑高度，还是系统服务高度？
0,shijiazhuang.txt,条中自然排烟窗所提到的“手动开启功能”是否包括电动开启？
0,shijiazhuang.txt,条中防烟楼梯间加压送风口布置要求？
0,shijiazhuang.txt,条仅规定了公共建筑走道的自然排烟设计要求，工业建筑、住宅楼地下室中的走道如何进行排烟设计？
0,shijiazhuang.txt,条保温系统？
0,shijiazhuang.txt,条套用商业服务网点设计？
0,shijiazhuang.txt,条执行；337.2.22消火栓在同一平面内是否可跨防火分区保护？
0,shijiazhuang.txt,条执行？
0,shijiazhuang.txt,条消防水池的最高和最低报警水位如何确定？
0,shijiazhuang.txt,条要求吗？
0,shijiazhuang.txt,条要求的同时，是否还有其他要求？
0,shijiazhuang.txt,条规定建筑物与消防车登高操作场地相对应的范围内，应设置直??之间满足什么消防间距？
0,shijiazhuang.txt,条规定的情况外，其他公共建筑的疏散楼梯可以设置采用剪17刀楼梯吗？
0,shijiazhuang.txt,条设计？
0,shijiazhuang.txt,楼梯间内可以吗？
0,shijiazhuang.txt,款中的“建筑面积”是指车间或仓库建筑的总面积，还是单个房间的面积？
0,shijiazhuang.txt,款的要求设置自动灭火系统？
0,shijiazhuang.txt,款的车库出入口包括非机动车的出入口吗？
0,shijiazhuang.txt,款自动扶梯底部应设置自动喷水灭火系统，需要每层扶梯底部都设置吗？
0,shijiazhuang.txt,此两处条款冲突，如何执行？
0,shijiazhuang.txt,此时喷淋泵出水管上的压力开关如何动作？
0,shijiazhuang.txt,每个防火单元是否需要设置独立的安全出口？
0,shijiazhuang.txt,消防救援口6.0.12单层、多层建筑是否每层均应设置消防救援窗口？
0,shijiazhuang.txt,消防用电的负荷如何分级？
0,shijiazhuang.txt,消防车登高操作场地可以设置在连廊一侧吗？
0,shijiazhuang.txt,消防车道转弯半径6.0.3消防车登高操作场地是否可利用相邻的城市道路？
0,shijiazhuang.txt,游泳池四周的通道上方需要设置喷头吗？
0,shijiazhuang.txt,火灾时消防设备连续供电的时间如何确定？
0,shijiazhuang.txt,火灾是否允许切除其电源？
0,shijiazhuang.txt,灯具持续应急点亮时间如何确定？
0,shijiazhuang.txt,疏散门？
0,shijiazhuang.txt,的不燃烧体实体墙吗？
0,shijiazhuang.txt,的住宅建筑设置剪刀楼梯时，其前室是否允许穿套？
0,shijiazhuang.txt,的多层住宅建筑设置室内湿式消火栓系统确有困难时，可设置干式消防竖管？
0,shijiazhuang.txt,的室外消防水量？
0,shijiazhuang.txt,的矩形布置，可否？
0,shijiazhuang.txt,的高层公共建筑内的楼梯间可以采用自然通风吗？
0,shijiazhuang.txt,的高度要求？
0,shijiazhuang.txt,直接在顶板上设置的检修口可以当取水口使用吗？
0,shijiazhuang.txt,看台人员可以通过观众休息厅疏散至安全出口吗？
0,shijiazhuang.txt,章控制与操作中提到的关于水泵电气控制的内容，是否属于给排水专业的设计内容？
0,shijiazhuang.txt,章消防设施的设置要求时，计算建筑的体积和面积时，是否包括地下设备用房？
0,shijiazhuang.txt,章）等非设计内容的章节中提到的一些内容，是否属于设计、审查的内容？
0,shijiazhuang.txt,管敷设？
0,shijiazhuang.txt,类似情况自然排烟条件是否可适当放宽？
0,shijiazhuang.txt,节中多处提到“建筑高度”，是指《建规》中规定的建筑高度还是系统服务高度？
0,shijiazhuang.txt,规定的排烟量，是否可以按计算排烟量设计排烟设施？
0,shijiazhuang.txt,规范未提及步行街防火分区，那么步行街如何划分防火分区呢？
0,shijiazhuang.txt,这个理解是否正确？
0,shijiazhuang.txt,这里的独立设置如何理解？
0,shijiazhuang.txt,连廊是封闭还是开敞？
0,shijiazhuang.txt,重要的公共建筑如何界定呢？
0,shijiazhuang.txt,间为老年人活动室，是否需要设置火灾自动报警系统？
0,shijiazhuang.txt,防火分区最大允许建筑面积可以是多少？
0,shijiazhuang.txt,高的丙类货架仓库，不供暖，可否设计高空水炮？
0,shijiazhuang.txt,（2）一部为消防电梯，另一部为普通电梯时，是否可以和消防电梯共用集水坑？
0,xinjiangweiwuer.txt,1.1m？
0,xinjiangweiwuer.txt,10、剪刀楼梯分别服务于地下车库（或商业）两个防火分区，分别作为各自防火分区的安全出口，是否可行？
0,xinjiangweiwuer.txt,14、避难走道是否适用于地下车库设计？
0,xinjiangweiwuer.txt,15、当避难走道仅有一个直通室外的楼梯时，商业与地库（或设备用房）两个防火分区同时进入避难走道，是否可行？
0,xinjiangweiwuer.txt,17、防火隔间的门是否可以设置为常开的防火门？
0,xinjiangweiwuer.txt,19、当建筑层数不超过四层且未采用扩大封闭楼梯间时，楼梯间是否可以通过商业营业区域进行疏散？
0,xinjiangweiwuer.txt,1、需要设置登高作业场地的高层住宅与多层商业形成“T”型布置，如图一所示，布置消防登高场地是否可行？
0,xinjiangweiwuer.txt,28、台阶式地坪：如下图，把正负零标高定义在右侧室外地坪，建筑高度是否可以可以从右侧正负零开始计算建筑高度？
0,xinjiangweiwuer.txt,34、开敞外廊、阳台的建筑面积是否需要计入防火分区面积？
0,xinjiangweiwuer.txt,350m，能否只设置环形消防车道？
0,xinjiangweiwuer.txt,36、丙二类库房内能设置与货运相关电车的充电设施吗？
0,xinjiangweiwuer.txt,39、屋顶风机房的门开向室外，是否需要设置甲级防火门？
0,xinjiangweiwuer.txt,3、无机房电梯是否能满足消防电梯的相关要求？
0,xinjiangweiwuer.txt,41、住宅地下车库车行出口或楼梯间出口与住宅山墙相邻时，是否必须按相邻建筑的要求设置防火间距或防火窗？
0,xinjiangweiwuer.txt,45、如图，楼梯间凸出的高层建筑消防登高地与主体外墙是否有间距要求？
0,xinjiangweiwuer.txt,49、如图所示：通过将楼梯间门移至走道以达到缩短疏散距离的措施是否满足规范要求？
0,xinjiangweiwuer.txt,51、屋面设置有室外游乐场的建筑，屋顶部分的疏散宽度人数应如何考虑？
0,xinjiangweiwuer.txt,7、室内水乐园建筑内的水面面积是否不计入防火分区面积，疏散距离如何执行？
0,xinjiangweiwuer.txt,8.2.23如何计算竖向机械排烟系统的排烟量？
0,xinjiangweiwuer.txt,8、带有演出功能的酒吧、餐厅是否属于歌舞娱乐放映游艺场所？
0,xinjiangweiwuer.txt,H=？
0,xinjiangweiwuer.txt,??援窗口；高层建筑是否可以仅在消防登高作业面侧设置救援窗？
0,xinjiangweiwuer.txt,不要去纠结它是因为是宿舍还是什么别的这个情况，住宿部分能不能够和食堂设置在同一建筑里？
0,xinjiangweiwuer.txt,人员疏散安全区还是指什么安全区？
0,xinjiangweiwuer.txt,台消防电梯，当在下沉广场设置消防电梯时，是否可以和相邻防火分区共用？
0,xinjiangweiwuer.txt,因场地高差过大，利用地下室抬高场地时，可否只沿建筑两边设置消防车道？
0,xinjiangweiwuer.txt,如可行，室外楼梯宽度是否大于地下一层、地下二层借用下沉广场疏散的任一防火分区疏散宽度即可？
0,xinjiangweiwuer.txt,如可行，是否需要单独设置疏散楼梯？
0,xinjiangweiwuer.txt,如果不行，可否采用两个防火隔间分别进入楼梯间进行疏散？
0,xinjiangweiwuer.txt,宽度是否有要求？
0,xinjiangweiwuer.txt,层是学员住宿和食堂，住宿部分能不能设置在同一建筑内？
0,xinjiangweiwuer.txt,平方米设置一个安全出口？
0,xinjiangweiwuer.txt,我觉得，大家需要把疏散安全区这个概念弄清楚，什么情况下它是疏散安全区？
0,xinjiangweiwuer.txt,有一些高差大的建筑，能不能够只沿建筑两边设置消防车道？
0,xinjiangweiwuer.txt,的间距设计？
0,xinjiangweiwuer.txt,答：问题中这个安全区域是指什么安全区域？
0,xinjiangweiwuer.txt,米设置？
0,xinjiangweiwuer.txt,米）执行？
0,xinjiangweiwuer.txt,该走道是否有长度的要求？
0,xinjiangweiwuer.txt,还是确定按照地上还是地下设计？
0,xinjiangweiwuer.txt,这个部位是否允许采用防火卷帘进行分隔呢？
0,xinjiangweiwuer.txt,那么地下车库两个防火分区之间是否可以共用一部疏散楼梯？
0,xinjiangweiwuer.txt,间距？
1,guangdong.txt,允许办公室、休息室设置在丙类厂房内，但未对办公室、休息室面积与厂房面积的比例作出规定，办公室、休息室设置在丙类厂房内时面积应如何界定？
1,guangzhou.txt,1.8、住宅首层是商业网点，住宅不设喷淋，商业网点是否设喷淋？
1,guangzhou.txt,办公室、休息室面积与厂房面积规模（面积比例）如何界定？
1,guangzhou.txt,实际工作中，有许多多层丙类厂房的生产类型未能明确，如何界定是否需要设喷淋？
1,guangzhou.txt,当两栋建筑贴临建设时，防火间距如何确定？
1,henan.txt,但是当工业建筑内空间净高较低时，其自然排烟距离过小，请问该条如何执行？
1,henan.txt,采用封闭楼梯间时，在首层如何疏散？
1,henan.txt,（1）该条规定的地下封闭楼梯间不与地上楼梯间共用，如何理解？
1,jiangsu.txt,当办公室、休息室设置在丙、丁类厂房内时，该区域有一个独立的安全出口，另一个安全出口是否可以利用车间区域进行疏散吗？
1,jiangsu.txt,是否和儿童等疏散专用楼梯间一样，不允许其他楼层疏散进入？
1,jiangsu.txt,条仅要求与基地外建筑等的防火间距，液氢、液氨储罐与厂内设施的防火间距如何确定？
1,jiangsu.txt,条：办公室、休息室允许设置在丙、丁类厂房、仓库内，办公室、休息室的面积如何控制？
1,nanning.txt,场所（不含中庭）通过计算确定排烟量时，自然排烟口面积如何确定？
1,shijiazhuang.txt,机械车位下层车相邻两座建筑的防火间距均按相对阳台或外窗的最近水平距34架首尾两端的喷头形式如何选取？
1,xinjiangweiwuer.txt,是否需要增加独立的楼梯进行疏散，使用室内的楼梯进行疏散时室内楼梯宽度是否考虑屋顶疏散人数的宽度？
2,guangdong.txt,厂区内的研发车间是按厂房建筑还是办公建筑进行消防设计？
2,guangxi.txt,2）住宅消防电梯在底部公共建筑或商业服务网点区是否需要设停站？
2,guangxi.txt,3）上部无住宅的二层商业建筑，是否可按商业服务网点的要求做消防设计？
2,guangxi.txt,4）不邻救援场地及消防车道的防火分区如何布置消防救援口？
2,guangxi.txt,582）医院避难间靠近楼梯间设置时有何具体要求？
2,guangxi.txt,5）救援口的最小尺寸如何确定？
2,guangxi.txt,6）建筑面积较小的小型建筑需要设置两处救援口吗？
2,guangxi.txt,7）消防救援口标识的最小尺寸及材料有何要求？
2,guangxi.txt,?间出地面位于室外时，其地面部分是否可以采用敞开形式？
2,guangxi.txt,“设备用房+机动车库以外功能”组合建造时的防火设计21有何要求？
2,guangxi.txt,人防门是否可做疏散门？
2,guangxi.txt,如何考虑建筑找坡层对建筑高度的影响？
2,guangxi.txt,时，出水管上是否要设置水锤消除器及如何设置？
2,guangxi.txt,条规定的部位外，其他部位是否需要设置疏散照明？
2,guangxi.txt,梯段净宽的室外楼梯做安全出口？
2,guangxi.txt,电动汽车库防火单元疏散口数量如何确定？
2,guangxi.txt,级保温层材料时，是否必须设防火隔离带？
2,guangxi.txt,设置时，自动喷水灭火系统的设置范围有何要求？
2,guangxi.txt,问题描述：1）医院避难间与其它功能合用时有何具体要求？
2,guangxi.txt,问题描述：1）商业服务网点是否可以超出住宅投影线？
2,guangxi.txt,问题描述：1）建筑一、二层在何种情况下需要设置消防救援口？
2,guangxi.txt,问题描述：1）楼梯间是否应设置指示该楼层的标志灯？
2,guangxi.txt,问题描述：1）消防回车场的具体做法要求有哪些？
2,guangxi.txt,问题描述：“凹”型建筑的消防车道、消防救援场地有什么具体要求？
2,guangxi.txt,问题描述：一层安全出口外面及附近区域是否应设置应急照明灯具？
2,guangxi.txt,问题描述：三级负荷的消防设备是否可采用单电源供电？
2,guangxi.txt,问题描述：丙类厂房、丙类仓库是否均应设置火灾自动报警系统？
2,guangxi.txt,问题描述：两栋建筑之间的天桥、连廊应怎样设置防火分隔措施？
2,guangxi.txt,问题描述：乳胶漆的燃烧性能等级是什么？
2,guangxi.txt,问题描述：人员密集场所的疏散出口、安全出口附近是否应增设多信息复合标志灯具？
2,guangxi.txt,问题描述：人防门可否做为防火门使用？
2,guangxi.txt,问题描述：以下几种做法是否可行？
2,guangxi.txt,问题描述：住宅两单元之间洞口防火间距如何确定？
2,guangxi.txt,问题描述：住宅室外主要疏散连廊有何具体要求？
2,guangxi.txt,问题描述：住宅小区和单位内自用停车场地与建筑的防火间距如何确定？
2,guangxi.txt,问题描述：住宅消防电梯前室水、电管井可以开设开向消防电梯前室的检修门吗？
2,guangxi.txt,问题描述：借用安全出口的防火分区，与其它相邻防火分区是否可采用防火卷帘、防火分隔水幕等措施替代防火墙？
2,guangxi.txt,问题描述：公共建筑的局部满足一定条件时，是否可以设置一个疏散楼梯？
2,guangxi.txt,问题描述：卫生间、厨房能否用做“住宅安全性房间”？
2,guangxi.txt,问题描述：厂房、仓库大型平开门、卷帘门可否做为安全疏散门？
2,guangxi.txt,问题描述：发电机房有哪些具体的细节要求？
2,guangxi.txt,问题描述：哪些面积可以不计入防火分区中？
2,guangxi.txt,问题描述：商业建筑内设置餐饮场所需要注意哪些事项？
2,guangxi.txt,问题描述：商业服务网点的楼梯要求及网点最大疏散距离如何确定？
2,guangxi.txt,问题描述：因功能、通风、采光的需要，同一栋建筑之间采用“U”、“E”字型布局，其相邻两翼间距有何要求？
2,guangxi.txt,问题描述：地下室“设备用房+机动车库”组合时的防火设计有何要求？
2,guangxi.txt,问题描述：地下室封闭楼梯间出地面位于室外时，其地面部分是否可以采用敞开形式？
2,guangxi.txt,问题描述：地下室设置的采光井，通风井等地下室开口与地面建筑的防火间距有何要求？
2,guangxi.txt,问题描述：地下车库借用住宅楼梯间做为安全出口有何要求？
2,guangxi.txt,问题描述：地库风井开口是否可以开向架空层？
2,guangxi.txt,问题描述：多部疏散楼梯可以在底层通过同一个门厅疏散至室外吗？
2,guangxi.txt,问题描述：套间内部的门净宽及类型、开启方向有何要求？
2,guangxi.txt,问题描述：如何判定建筑类型为“多种功能组合建筑”？
2,guangxi.txt,问题描述：如何确定建筑中封闭阳台属于室内或室外空间？
2,guangxi.txt,问题描述：如何确定建筑室内装饰工程的无窗房间？
2,guangxi.txt,问题描述：如何考虑屋面建筑构造层对建筑高度的影响？
2,guangxi.txt,问题描述：安全出口与架空层停车空间有何防火分隔要求？
2,guangxi.txt,问题描述：安全出口是否可以设置在首层架空层？
2,guangxi.txt,问题描述：安全出口通过长内廊疏散至室外时有何防火要求？
2,guangxi.txt,问题描述：封闭楼梯间、防烟楼梯间疏散照明是否应单独设置配电回路？
2,guangxi.txt,问题描述：屋面设备用房、设备夹层、地下室小面积无人值守设备用房有消防疏散要求吗？
2,guangxi.txt,问题描述：幕墙（玻璃、金属、石材等）、玻璃采光顶等作为建筑外围护构件时，是否考虑其耐火极限要求？
2,guangxi.txt,问题描述：底层可直通室外的多层独户住宅，户内楼梯适用何种规范？
2,guangxi.txt,问题描述：建筑夹层的疏散方式？
2,guangxi.txt,问题描述：建筑施工图中，是否应标识内部装饰材料的燃烧性能等级？
2,guangxi.txt,问题描述：开敞式、高大空间的工业建筑，疏散通道上疏散指示标志灯应如何安装？
2,guangxi.txt,问题描述：当在疏散通道上设门时，有什么要求？
2,guangxi.txt,问题描述：当居住建筑必须设置上人屋面时，屋面面积有何要求？
2,guangxi.txt,问题描述：当高层住宅尽端布置裙楼时，救援场地如何设置？
2,guangxi.txt,问题描述：按裙楼设计防火分区及楼梯类型时，高层与裙楼之间如何正确设置防火墙？
2,guangxi.txt,问题描述：教学实训楼、汽车销售店、月子中心等建筑场所怎样确定功能类别进行消防设计？
2,guangxi.txt,问题描述：敞开楼梯间做安全出口使用时有何要求？
2,guangxi.txt,问题描述：敞开楼梯间做安全出口时，对自然通风、自然采光有何具体要求？
2,guangxi.txt,问题描述：普通电梯设置于消防电梯前室时有何要求？
2,guangxi.txt,问题描述：构件耐火极限可否在计算时考虑抹灰、防护层厚度影响时简单叠加？
2,guangxi.txt,问题描述：架空层下设计机动车、非机动车停车场时与建筑其它功能部分的防火分隔有何要求？
2,guangxi.txt,问题描述：标准中未对小型的单、多层建筑消防车道提出具体的要求，该类建筑如何设置消防车道？
2,guangxi.txt,问题描述：楼梯间、设备间、井道等开向室外、屋面的门是否必须设防火门？
2,guangxi.txt,问题描述：楼梯间出屋面的门及其宽度有何要求？
2,guangxi.txt,问题描述：楼梯间在首层地上、地下部分的防火分隔有何要求？
2,guangxi.txt,问题描述：水力警铃设置在消防水泵房、管井等场所是否正确？
2,guangxi.txt,问题描述：消防前室、楼梯间外门窗与相邻洞口间距有何要求？
2,guangxi.txt,问题描述：消防应急灯具应急启动后，蓄电池电源供电的持续工作时间应如何确定？
2,guangxi.txt,问题描述：消防控制室、消防水泵房、配电房、发电机房等场所设置了备??造成担负两个及以上防烟分区的排烟????134用照明，是否应设置疏散照明和疏散指示标志？
2,guangxi.txt,问题描述：消防控制室、消防水泵房开向室外的门是否需要防水淹？
2,guangxi.txt,问题描述：消防救援场地设置在红线外有什么要求？
2,guangxi.txt,问题描述：消防电梯前室短边有何要求？
2,guangxi.txt,问题描述：消防电梯可以在首层设置扩大前室吗？
2,guangxi.txt,问题描述：消防车道的转弯半径、消防车荷载如何确定？
2,guangxi.txt,问题描述：火灾自动报警系统中当报警总线兼有联动控制功能时，报警总线是否采用耐火铜芯电线电缆？
2,guangxi.txt,问题描述：用于封堵楼板孔洞的盖板，其耐火极限怎么确定？
2,guangxi.txt,问题描述：疏散走道或内墙上开设玻璃窗、带形窗及直接采用玻璃隔断时的防火处理措施？
2,guangxi.txt,问题描述：疏散路径可以穿越哪些类型的房间？
2,guangxi.txt,问题描述：疏散门如何定义？
2,guangxi.txt,问题描述：相邻防火分区隔墙上的防火门是否必须常开？
2,guangxi.txt,问题描述：综合医院液氧储罐的防火间距如何确定？
2,guangxi.txt,问题描述：自动跟踪定位射流灭火系统管道是否可采用枝状管网？
2,guangxi.txt,问题描述：规范未明确建筑中庭防火卷帘封闭区域的防火分区与人员疏散要求，该区域应如何设计？
2,guangxi.txt,问题描述：计算电动汽车库防火单元面积时，是否可扣除内含的汽车坡道、楼梯间、设备间等不属于停车区的面积？
2,guangxi.txt,问题描述：计算疏散距离时，不同类型安全出口起始位置如何计算？
2,guangxi.txt,问题描述：设置外墙中空装饰层、保温层的建筑，楼层间是否需要设置防火封堵隔离带？
2,guangxi.txt,问题描述：设置阳台、凸窗的建筑，防火间距如何计算？
2,guangxi.txt,问题描述：车库的疏散距离如何计算？
2,guangxi.txt,问题描述：部分建筑消防救援场地必需转折布置，每个转折段的长度有要求吗？
2,guangxi.txt,问题描述：酒店、医院等建筑主入口往往设置宽大的雨蓬，在该侧设置救援场地时，该雨蓬部分对救援场地设置有何影响？
2,guangxi.txt,问题描述：非机动车库疏散距离如何计算？
2,guangxi.txt,问题描述：非机动车库车辆出入口用做人员安全出口时有何要求？
2,guangxi.txt,问题描述：高层建筑直通室外的各类出口如何设置防护挑檐？
2,guangxi.txt,间隔布置才能满足要求？
2,guangxi.txt,防火隔墙上设置门窗有何防火措施要求？
2,guangzhou.txt,1.3、厂区内的研发车间是按厂房建筑还是办公建筑进行消防设计？
2,guangzhou.txt,1.4m？
2,guangzhou.txt,1.4、厂房两个相邻防火分区，能否在防火墙上开一个甲级防火门作为另外一个疏散口？
2,guangzhou.txt,1.6、劳动密集型企业生产加工车间的判定标准？
2,guangzhou.txt,10.3.6条选择蓄光疏散指示标志？
2,guangzhou.txt,1）什么情况下，住宅核心筒需增设环形和半环形疏散走道？
2,guangzhou.txt,2.1.4、人员密集场所、儿童活动场所如何定义？
2,guangzhou.txt,2.12、《水消规》4.3.7条：是否所有储存室外消防用水量的消防水池都必须设置取水口？
2,guangzhou.txt,2.19、《水消规》5.4.6条，超高层住宅建筑要求设手抬泵或移动泵接口，但电梯厅及前室面积比较小，手抬泵或移动泵怎么设置？
2,guangzhou.txt,2.2.1、如何定义两栋建筑？
2,guangzhou.txt,2.2.2、关于消防建筑高度如何计算？
2,guangzhou.txt,2.21、《水消规》6.1.7条：“独立的室外临时高压消防给水系统宜采用稳压泵维持系统的充水与压力”，可采用高位消防水箱维持系统的压力与充水吗？
2,guangzhou.txt,2.2、《水消规》3.3.2条：单座建筑总建筑面积如何计算？
2,guangzhou.txt,2.3.10、商业的后仓区按什么标准来控制防火分区面积？
2,guangzhou.txt,2.3.11、汽车坡道的面积是否应算入防火分区面积？
2,guangzhou.txt,2.3.1、地下建筑是指独立建造的地下建筑，还是指包含建筑物附属的地下室？
2,guangzhou.txt,2.3.3、地下室的消防水池和生活水池是否应计入防火分区面积？
2,guangzhou.txt,2.3.4.1、相邻防火分区之间的疏散楼梯间，是否可以共用？
2,guangzhou.txt,2.3.4.2、消防电梯是否可以共用？
2,guangzhou.txt,2.3.5、步行街外墙是否可做带形窗？
2,guangzhou.txt,2.3.9、地下室的设备房或自行车库可否与机动车库设置在同一防火分区内？
2,guangzhou.txt,2.4.3、如何理解附近？
2,guangzhou.txt,2.5.11、超高层建筑中避难层的避难区域做空中花园是否可行？
2,guangzhou.txt,2.5.13、如何定义建筑中庭？
2,guangzhou.txt,2.5.14.8、高层或超高层的塔式办公楼或酒店，在满足疏散距离的要求的前提下，是否可不设环形走道？
2,guangzhou.txt,2.5.15.2、超高层住宅若仅设置避难间，那么设置避难间的那层平面除了设置避难间外，其他位置可否设置住宅？
2,guangzhou.txt,2.5.5、地下车库，剪刀梯分设置前室，但地面上剪刀梯是合用前室，地下的剪刀梯可否分别作为两个防火分区的安全疏散口？
2,guangzhou.txt,2.5.7、居建与公建是否可以共用疏散楼梯？
2,guangzhou.txt,2.5.8、疏散楼梯在首层和屋面是否需要设防火门？
2,guangzhou.txt,2.5.9、屋面或室外露台算不算安全出口？
2,guangzhou.txt,2.6、社区活动中心，只有局部一~二间标明为“老年人活动室”，是否需要设置火灾自动报警系统？
2,guangzhou.txt,2.7、当一、二类高层住宅建筑塔楼公共部位按规范需设置火灾自动报警系统时，住宅塔楼的商业服务网点、配套用房等是否均需设置火灾自动报警系统？
2,guangzhou.txt,2、建筑物的消防高度以室外地坪至女儿墙与屋面板交接的屋面建筑完成面标高为?，蓄电池电源供电的持续工作时间应如何确定？
2,guangzhou.txt,3.1、裙房与高层建筑主体之间设置防火墙，是否可以开设甲级防火门、窗、洞口？
2,guangzhou.txt,3.5、阳台作为防烟楼梯间前室，开向阳台的门窗是否要求设置乙级防火门窗？
2,guangzhou.txt,3.6、同一建筑物不同裙楼之间的封闭连廊是否不计入防火分区面积？
2,guangzhou.txt,3.7、机械车位自动喷水灭火系统设计流量、作用面积、喷水强度等如何确定？
2,guangzhou.txt,3，有顶步行街最大高度是多少？
2,guangzhou.txt,4.11、避难房间是否需要在消防扑救场地一侧？
2,guangzhou.txt,4.13、超高层建筑中，其屋顶疏散区域是指疏散楼梯在天面开口的平面还是指直升机消防救援平台？
2,guangzhou.txt,4.4.1、汽车库、自行车库等场所疏散指示标志是否可吊装？
2,guangzhou.txt,4.4、开向消防前室的非消防电梯是否要调整为消防电梯？
2,guangzhou.txt,5、机场塔台层数如何界定？
2,guangzhou.txt,6.4、地下室楼梯间在首层开向门厅的门可作为该楼梯间顶部的固定窗使用吗？
2,guangzhou.txt,70%），又是双连锁预作用系统，喷水强度、作用面积、流量如何确定？
2,guangzhou.txt,?，能否在防火墙上开一个甲级防火门作为另外一个疏散口？
2,guangzhou.txt,”如何理解？
2,guangzhou.txt,O的住宅地下自行车库、住宅储物间是否要设自动喷水灭火系统？
2,guangzhou.txt,万平米的综合体项目是否也需要执行？
2,guangzhou.txt,个扩大覆盖面积洒水喷头？
2,guangzhou.txt,人员密度如何计算？
2,guangzhou.txt,什么情况下（什么功能）可以共用？
2,guangzhou.txt,以内的三层地下室楼梯是否可采用自然排烟？
2,guangzhou.txt,其中二次装修的消防设计资质是否有什么不同要求？
2,guangzhou.txt,可否按照普通汽车库进行设计？
2,guangzhou.txt,天井内的扑救场地有没面积要求？
2,guangzhou.txt,如在人员密集场所的上空采用双层板处理，是否满足规范的要求？
2,guangzhou.txt,如果不允许，依据的规范条文是什么？
2,guangzhou.txt,如果没有消防车道也没有登高面时（例如高层建筑面向裙楼屋顶的一侧还是否需要设置救援窗？
2,guangzhou.txt,安全出口如何设置？
2,guangzhou.txt,层及高层、超高层且采用扩大的封闭楼梯间或防烟楼梯间前室时，将直通室外的门设置在离楼梯间应控制在多少米之内？
2,guangzhou.txt,度开启的疏散门？
2,guangzhou.txt,建筑分类该如何确定？
2,guangzhou.txt,建筑物地面少量的停车（非社会停车），是否要满足停车场与建筑之间的防火间距要求？
2,guangzhou.txt,是否可以共用疏散楼梯？
2,guangzhou.txt,是否需要有关于空间尺寸的附加规定作为前提？
2,guangzhou.txt,是需要在交接处的上下口均封堵？
2,guangzhou.txt,有没最少面积要求？
2,guangzhou.txt,条设计参数均不同，如何选择？
2,guangzhou.txt,条进行要求？
2,guangzhou.txt,条）如何定义“上一层、下一层”？
2,guangzhou.txt,条，大型住宅小区项目，地块内整体设地下室、地上有多座住宅塔楼、商业公建等,该项目的室内外消防用水量如何计算？
2,guangzhou.txt,条，室内消火栓系统当采用水平环网布置时，环网、环网上阀门应如何设置？
2,guangzhou.txt,条，用卫生间做避难房间是否可行？
2,guangzhou.txt,某项目地下室上有多栋建筑，请问总建筑面积如何计算？
2,guangzhou.txt,民用公共建筑与工业厂房是否可以共建？
2,guangzhou.txt,泡沫-水喷淋的作用面积、喷水强度按多大考虑？
2,guangzhou.txt,消防系统控制方式、消防水池容积、高位消防水箱容积、各消防系统设计流量等是否需按新规范执行？
2,guangzhou.txt,燃气厨房是否可以设置在地下建筑内？
2,guangzhou.txt,疏散距离如何计算？
2,guangzhou.txt,米时，多层建筑的展览厅、营业厅能否用剪刀梯作为安全出口？
2,guangzhou.txt,米的距离？
2,guangzhou.txt,米）？
2,guangzhou.txt,能否进行量化？
2,guangzhou.txt,设置气体灭火系统的场所，灭火设备联动触发信号问题1 问题描述：设置气体灭火系统的发电机房储油间，灭火??$7??134用照明，是否应设置疏散照明和疏散指示标志？
2,guangzhou.txt,距离如何控制？
2,guangzhou.txt,还是只需要在上口或下口封堵就行？
2,guangzhou.txt,还有，位于首层开向一端有敞口的廊道上的疏散门呢？
2,guangzhou.txt,部分走道连接大堂等空间，其走道长度是否应包括大堂的长度？
2,guangzhou.txt,问题：如果建筑物层层外挑，建筑外墙应从何处算起？
2,guangzhou.txt,问（1）本条与第7.4.6条相矛盾，如何把握？
2,guangzhou.txt,问：本条中的“全保护”如何判断？
2,guangzhou.txt,问：若栓口动压力为0.5～0.7MPa，是否应设减压装置呢？
2,guangzhou.txt,防火门什么间距要求？
2,guangzhou.txt,除避难区外的区域，如果是空中花园等绿化空间是否可行？
2,guangzhou.txt,需要遵循的设计标准是什么？
2,guangzhou.txt,首层两个疏散楼梯之间，要不要防火门，普通门什么间距要求？
2,guangzhou.txt,（如户门为防火门呢？
2,henan.txt,2、问：Ag为各层前室所有疏散门总面积还是计算该层前室对应的所有疏散门之和？
2,henan.txt,3、问：如为该层前室对应疏散门面积，则对于多个门的住宅前室，参照3.4.6中Ak住宅前室取值，是否为该层前室尺寸最大的一个疏散门的面积？
2,henan.txt,5.5.9条中利用通向相邻防火分区的甲级防火门作为安全出口的所有规定是否包括地下建筑部分？
2,henan.txt,―??梯对应的所有疏散门之和？
2,henan.txt,一室户住宅（即由兼起居的卧室、厨房、卫生间等组成的住宅套型）如何设置“避难房间”？
2,henan.txt,两者之间如何分隔及连通？
2,henan.txt,中综合楼、商住楼的概念怎么定义？
2,henan.txt,售楼部应按什么性质的建筑进行消防设计？
2,henan.txt,地下室出地面独立设置的消防排烟口、采光、通风井等开口部位距离地上主体建筑的防火间距该如何控制？
2,henan.txt,如何进行防火分隔和安全疏散？
2,henan.txt,学校内的实训车间按厂房设计还是按教学建筑设计？
2,henan.txt,室内设置自动喷水灭火系统的场所，当采用格栅式吊顶时，为不影响自动喷水灭火效果，对格栅式吊顶的设置及面积有什么要求？
2,henan.txt,店设有汽车销售、维修及停车等功能，此类建筑如何进行消防设计？
2,henan.txt,建筑地下与地上共用楼梯间时，当地上部分采用防烟楼梯间时，地下部分是否也一定要采用防烟楼梯间？
2,henan.txt,时，若每个防火分区只有一部疏散楼梯，是否可以利用通向相邻防火分区的甲级防火门作为第二安全出口？
2,henan.txt,条的仅供通行连廊上的安全出口，是否可计入主体建筑的疏散宽度？
2,henan.txt,歌舞娱乐放映游艺场所内设置的配套营业用房是否应按歌舞娱乐放映游艺场所的要求进行消防设计？
2,henan.txt,正压送风机与机械补（送）风机是否可以合用机房？
2,henan.txt,每单元设置一部以上疏散楼梯的住宅时，是否符合此条要求？
2,henan.txt,消防水泵出水干管上的压力开关和高位消防水箱出水管上的流量开关是否应同时设置？
2,henan.txt,自动喷水灭火系统的消防稳压设施是否可以与消火栓系统共用？
2,henan.txt,高层住宅建筑两个单元之间屋面的连通通道是否必须为室外通道？
2,jiangsu.txt,1000m2，局部高出屋面的车间或工艺设备用房面积250m2，此部分是否允许仅设置一部疏散楼梯，把开向屋面的门作为第二安全出口？
2,jiangsu.txt,”问：当住宅建筑不直接沿街，小区周边建筑物外设有围墙时，是否可以不按此条执行？
2,jiangsu.txt,”问：至少两个面靠外墙的区域是否可以包括进入避难区的前室等区域？
2,jiangsu.txt,人，从而不计入防火分区面积且不做必要的安全疏散，这样的理解是否正确？
2,jiangsu.txt,仓库建筑两个相邻防火分区在每个防火分区各自设有1部独立疏散楼梯的前提下，是否可以采用在两个防火分区交界区域设置共用疏散楼梯间以满足安全出口设置要求？
2,jiangsu.txt,另，如果环保设备顶部采用不燃材料搭建的雨棚或周边设有不燃围护结构时，其与所属厂房的防火间距是否也可以不作要求？
2,jiangsu.txt,如不满足疏散距离要求，可否借用开向地下其他防火分区的甲级防火门或户内天井设置的通向室外地面的垂直爬梯作为第二个疏散出口？
2,jiangsu.txt,库房的安全疏散、消防设施等防火设计，按照工业建筑还是民用建筑进行设计？
2,jiangsu.txt,满足防火间距要求的相邻建筑通过封闭或非封闭连廊连接时，开向连廊的门是否可作为第二安全出口？
2,jiangsu.txt,现实中为了方便业主进出需要，物业会换成透明玻璃门，是否满足消防要求？
2,jiangsu.txt,甲、乙类厂房外附设的环保处理设备采用不燃材料制作时，可否参照《建规》第3.4.6条的条文说明要求，对环保设备与所属厂房之间的防火间距不作要求？
2,jiangsu.txt,车间管理办公的独立楼梯间丙楼梯是否允许其他楼层的车间疏散人员进入？
2,nanning.txt,店的车辆销售区、维修区和停放区等组合或贴邻建造时，应符合哪些规定？
2,nanning.txt,高层公共建筑，如何确定属于同一防火分区回字形主楼两翼之间的防火间距？
2,shijiazhuang.txt,2.0.2对于具有凸出建筑外墙的不燃性梁、柱构件的建筑，防火间距是以凸缃ㄖ外墙的不燃性梁、柱构件外边计还是主体外墙边计算？
2,shijiazhuang.txt,2总平面布局2.0.1设置开敞阳台的建筑，建筑的防火间距以敞开阳台外边计还是主体外墙边计？
2,shijiazhuang.txt,3.0.24超高层建筑应设置避难层，如果避难层布置避难区及设备用房外尚有空间，可以设置其它使用功能用房吗？
2,shijiazhuang.txt,3.0.5桑拿浴室的洗浴部分、室内游泳池、室内滑雪场的滑雪场地、真冰溜冰场的冰面、消防水池（生活水池）等的面积，可不计入防火分区面积？
2,shijiazhuang.txt,4.0.14观众厅、展览厅、多功能厅、餐厅、营业厅房间嵌套房间是否可行？
2,shijiazhuang.txt,7.3.13为何扩大覆盖面积洒水喷头一定要按照正方形布置？
2,shijiazhuang.txt,80）只有地下车库设自动喷水灭火系统，高位消防水箱稳压管连接至车库环管需要减压吗？
2,shijiazhuang.txt,9.4火灾自动报警系统9.4.1火灾自动报警系统总线应选用耐火线缆，还是阻燃线缆？
2,shijiazhuang.txt,CS、室内电动卡丁车场等场所按歌舞娱乐放映游艺场所消防设计吗？
2,shijiazhuang.txt,O且仅有一个安全出口时，可利用通向相邻汽车库防火分区的甲级防火门作为安全出口吗？
2,shijiazhuang.txt,又有何依据判断为不合理呢？
2,shijiazhuang.txt,如何计算多个避难间的加压送风量？
2,shijiazhuang.txt,当多个防火分区消防用电共用一个消防总配电箱放射式配电时，是否满足规范要求？
2,shijiazhuang.txt,条要求，开敞式疏散楼梯间设置疏散照明，多层住宅内的开敞式楼梯间是否需要按此要求设置疏散照明？
2,shijiazhuang.txt,车库内不同防火分区的消防风机的电源是否可以由变配电室低压出线柜引出电缆采取树干式配电方式？
2,xinjiangweiwuer.txt,24、厂房或库房的尺度较大的门（平开门或推拉门）上开启小尺度的门是否可以作为人员安全疏散口？
2,xinjiangweiwuer.txt,40、楼梯间在地下一、二、三层通过采光井内设置的外窗是否能够认定为自然排烟窗？
2,xinjiangweiwuer.txt,5、目前存在的电竞酒店是按照旅馆建筑还是按照网吧场所相关规范执行？
4,guangdong.txt,丙类厂房下方可否设地下停车库？
4,guangdong.txt,丙类厂房内已有两部楼梯满足疏散要求时能否设置室内第三部敞开楼梯？
4,guangxi.txt,2）尽端式消防救援场地是否需要设置回车场地？
4,guangzhou.txt,4．17、消防救援场地是否有具体要求（如：人行道、道路高差或路牙等）？
4,guangzhou.txt,防火救援窗是否规定为玻璃窗？
5,guangdong.txt,节中燃油的液体储罐的数量是否有限制？
5,guangzhou.txt,接消火栓箱的短管与环网连接处是否需加设阀门？
7,guangdong.txt,条的规定来确定其分区面积？
7,guangzhou.txt,条的规定执行，不可以采用特殊应用喷头？
7,guangzhou.txt,的实体墙分隔？
12,guangdong.txt,是否可以共用疏散楼梯？
12,guangxi.txt,是否可以采用隐形消防车道？
12,guangzhou.txt,是否是从最大轮廓线就算起？
12,guangzhou.txt,条），那可否采用电动感应推拉门？
12,guangzhou.txt,相连疏散楼梯是否可采用开敞楼梯间，自然排烟？
14,guangdong.txt,当住宅与公共建筑组合建造时，建筑分类该如何确定？
14,guangxi.txt,发电机房与人员密集场所贴邻时，可以采用双层板或双墙解决吗？
14,guangxi.txt,问题描述：人员密集场所、歌舞娱乐放映游艺场所的类型如何确定？
14,guangxi.txt,问题描述：儿童活动场所的定义？
14,guangxi.txt,问题描述：重要的公共建筑的定义？
14,guangzhou.txt,2.1.3、《建规》中的重要公共建筑如何定性？
14,guangzhou.txt,3.12、建筑疏散门的净宽应满足规范要求，建筑图表达的是土建门洞，对应净宽如何确定？
14,guangzhou.txt,小时计，但该规范及《建规》中均无“综合楼”的定义，如何界定综合楼？
14,henan.txt,款执行，归于规范中的“其他单多层民用建筑”，具体怎么执行？
14,shijiazhuang.txt,9.2.13大型和中型商店建筑的营业厅、教育建筑、二级及以上医院采用什么导线？
15,guangdong.txt,中庭屋面的耐火极限需满足什么要求？
15,guangzhou.txt,2.1.2、中庭顶的耐火极限满足什么级别的燃烧性能和耐火极限？
15,guangzhou.txt,2.2.3、屋顶停车场的汽车坡道应满足什么样的土建条件？
15,guangzhou.txt,4.16、地下室车库出入口面向消防车登高场地时，需满足什么条件？
15,guangzhou.txt,中庭顶需与建筑物之间满足什么消防间距？
15,jiangsu.txt,那么此类情况玻璃隔断的耐火极限如何确定，是否需要提高等级？
15,xinjiangweiwuer.txt,150mm.其耐火极限为多少小时？
21,guangdong.txt,如何定义两栋建筑？
21,guangzhou.txt,又有何依据判断为不合理呢？
24,guangxi.txt,2）商业服务网点是否可包含物业管理用房、社区服务站、老年人照料设施、幼儿活动等服务类型的设施？
24,henan.txt,（2）商业服务网点每个分隔单元之间的外墙门窗洞口是否有距离要求？
24,henan.txt,（2）当设有自动报警系统和自动喷淋系统时，商业建筑中大空间的儿童活动场所疏散距离如何控制？
24,xinjiangweiwuer.txt,4、商业服务网点提及的小型营业用房是否包含：社区活动中心、小型诊所、儿童活动场所、托幼中心、老年人日间照料中心、酒吧、网吧？
25,guangxi.txt,1.2m？
25,guangxi.txt,2.2m？
25,guangzhou.txt,2.5.3）？
25,guangzhou.txt,”？
25,guangzhou.txt,内？
28,guangxi.txt,是否可以理解为钢构件采用薄涂型防火涂料防护时，最高耐火极限为1.50h？
28,guangzhou.txt,是否可以理解为钢构件采用薄涂型防火涂料防护时，最高耐火极限为1.5h？
30,guangxi.txt,个安全出口的情况下，开在相邻防火分区防火墙上的门是否可做第三安全出口借用？
30,shijiazhuang.txt,5.0.10两栋楼各自疏散宽度都不足，中间用连廊相连（连廊无可燃物，也无疏散楼梯），是否可以把通向连廊的门作为安全出口互相借用？
35,guangxi.txt,度踏步吗？
35,guangzhou.txt,需要考虑减压阀失效吗？
37,guangxi.txt,消防车道与建筑的最远距离可取多大值？
37,guangzhou.txt,是否水炮系统与喷淋系统用水量进行比较取大值？
38,guangxi.txt,问题描述：建设基地仅有一个连通城市的出入口，且地形较小只能设一个环形消防车道，如何满足环形消防车道需要两处与其它车道连通的要求？
38,henan.txt,问题描述：建设基地仅有一个连通城市的出入口，且地形较小只能设一个环形消防车道，如何满足环形消防车道需要两处与其它车道连通的要求？
49,guangzhou.txt,4、坡地建筑中的地下室其中一面能直通室外（其余三面位于覆土以内），且有消防车通道可达，此地下室是否可定义为首层？
49,shijiazhuang.txt,3.0.33坡地建筑中一部分外墙外露、其余外墙位于地下的房间，如何判断其是否属于地下室或半地下室？
64,guangzhou.txt,O，但对上、下层营业用房面积比例未作规定，设计中出现在一层仅设楼梯，二层均为营业用房，此作法可行吗？
64,shijiazhuang.txt,O，但对上、下层营业用房面积比例未作规定，设计中出现在一层仅设楼梯，二层均为营业用房，此作法可行吗？
75,guangzhou.txt,若算直通安全出口，以上设备房的疏散门与楼梯前室门之间的距离有没有规定最大值？
75,shijiazhuang.txt,款利用首层门厅、公共大堂作为扩大前室通向室外时，楼梯间出口处至室外疏散门的直线距离最大疏散距离是多少？
108,guangzhou.txt,是采购备用，还是现场安装？
108,shijiazhuang.txt,0.35Mpa”，厂房是指所有厂房，还是高层厂房？
108,shijiazhuang.txt,此外线电话是专用网络还是一般市话？
109,guangzhou.txt,问：是否室内消火栓的布置不必保证每个防火分区同层的任何一点有两股水枪的充实水柱，而只需满足同层（同一平面）有两股充实水柱即可？
109,henan.txt,对二类住宅及须设置消火栓的多层住宅，地上为住宅，地下为戊类储藏室，地上部分室内消火栓的布置满足同一平面一支消防水枪的充实水柱同时到达任何部位，地下室部分按一股还是两股充实水柱保护？
120,guangzhou.txt,3.10、是否同一场所既可以采用普通喷头，又可以采用扩大覆盖面积喷头，只要喷头响应时间（RTI）相同即可？
120,henan.txt,直立型、下垂型扩大覆盖面积洒水喷头是否能与标准覆盖面积洒水喷头同时设置在地下车库内？
122,guangzhou.txt,的喷淋管道可采用螺纹连接，而不需卡箍连接？
122,shijiazhuang.txt,的喷淋管道可采用螺纹连接，而不需卡箍连接？
136,guangzhou.txt,3.3、未设置火灾自动报警系统，但设置了消火栓的建筑，是否可不设置消火栓按钮直接启泵和火灾声光警报器？
136,shijiazhuang.txt,7.4其它7.4.1综合管廊内的自动灭火系统，除了采用细水雾灭火系统外，是否可以按照其它省市的超细干粉灭火设计规范进行设计？
139,guangzhou.txt,款：高度是指室内净高还是标志灯设置高度？
139,henan.txt,2.4m，此数据是指前室的全部空间还是指仅和电梯井道相对应部分的空间？
140,guangzhou.txt,1）应急照明配电箱采用专用的供电回路，采用不同层或不同防火分区的消防配电箱放射式供电，是否满足要求？
140,guangzhou.txt,集中控制系统集中电源或应急照明配电箱应按灯具配电回路设置灯具通信回路，两线制或控制到回路的消防应急照明和疏散指示系统方案是否不能采用？
140,shijiazhuang.txt,9.2.10消防配电支线沿电气竖井垂直敷设为不同楼层(防火分区)的消防设备供电，是否视为穿越防火分区？
162,guangzhou.txt,如设计时仅注明采用符合耐火极限要求的薄涂型（或厚涂型）防火涂料，是否可以满足要求？
162,henan.txt,?设计时仅注明采用符合耐火极限要求的薄涂型（或厚涂型）防火涂料，是否可以满足要求？
162,shijiazhuang.txt,如设计时仅注明采用符合耐火极限要求的薄涂型（或厚涂型）防火涂料，是否可以满足要求？
185,henan.txt,如需设置自动灭火系统，该类机房设置分散、面积较小等特点，推荐采用何种自动灭火系统？
185,shijiazhuang.txt,1如果每层是一个独立的空调系统，每层一个防火分区，也就是风管不跨越防火分区，但是跨房间，需要设自动灭火系统吗？
