0,guangdong.txt,         2.1.3 图示一                                  2.1.3 图示二    2.1.3 图示三                             2.1.3 图示四 2.1.4 建筑天井平面为多大尺寸时就可视为室外？
0,guangdong.txt,        2.1.2 图示九 汽车库设置平天窗时最小间距要求         2.1.2 图示十 汽车库设置侧天窗时最小间距要求 2.1.3 下沉广场（或庭院）与主体建筑之间应满足怎样的关系？
0,guangdong.txt,      2.1.2 图示二                                2.1.2 图示三  2.1.2 图示四 n??C一、建筑现行规范疑难点   10 2.1.2.3 在耐火等级为一、二级建筑的地下室顶板开设的进排气口、露天采光口、通风口等洞口，与建筑的门、窗、洞口之间的间距应满足什么要求？
0,guangdong.txt,  1.11 宿舍与厂房分缝断开，贴邻处设置实体防火墙，间距能否不限？
0,guangdong.txt, 047FF02C809A3152A31812CB4166B1272>] TJETQ EMC  /P <</MCID 108>> BDC q0.000008871 0 595.32 841.92 reW* nBT/F3 9 Tf1 0 0 1 70.944 85.224 Tm0 g0 G[<1BA002C80FB20100>] TJETQ EMC  /P <</MCID 109/Lang (en-US)>> BDC q0.000008871 0 595.32 841.92 reW* nBT/F2 9 Tf1 0 0 1 106.94 85.224 Tm0 g0 G 0.06 Tc[(2 )] TJETQ EMC  /P <</MCID 110>> BDC q0.000008871 0 595.32 841.92 reW* nBT/F3 9 Tf1 0 0 1 116.06 85.224 Tm0 g0 G[<1272010105133E98>] TJETQ EMC  /P <</MCID 111/Lang (en-US)>> BDC q0.000008871 0 595.32 841.92 reW* nBT/F2 9 Tf1 0 0 1 154.22 85.224 Tm0 g0 G[(2)] TJETQ EMC  /P <</MCID 112>> BDC q0.000008871 0 595.32 841.92 reW* nBT/F3 9 Tf1 0 0 1 161.06 85.224 Tm0 g0 G[<12722CB4152A>13<318118464215152A31811D39>] TJETQ EMC  /P <</MCID 113/Lang (en-US)>> BDC q0.000008871 0 595.32 841.92 reW* nBT/F2 9 Tf1 0 0 1 244.25 85.224 Tm0 g0 G[(????一、建筑现行规范疑难点   7 1.10 丙类厂房内已有两部楼梯满足疏散要求时能否设置室内第三部敞开楼梯？
0,guangdong.txt, 1.12 厂区内的公共建筑（办公楼、停车楼、食堂及厨房等）与工业厂房是否可以合建？
0,guangdong.txt, 1.2 《建筑设计防火规范》GB 50016 允许办公室、休息室设置在丙类厂房内，但未对办公室、休息室面积与厂房面积的比例作出规定，办公室、休息室设置在丙类厂房内时面积应如何界定？
0,guangdong.txt, 1.3 厂区内的研发车间是按厂房建筑还是办公建筑进行消防设计？
0,guangdong.txt, 1.4 厂房两个相邻防火分区，能否在防火墙上开一个甲级防火门作为另外一个安全出口？
0,guangdong.txt, 1.5 丙类厂房下方可否设地下停车库？
0,guangdong.txt, 1.6 《建筑设计防火规范》GB 50016 第 4.2 节中燃油的液体储罐的数量是否有限制？
0,guangdong.txt, 1.7 《建筑设计防火规范》GB 50016 第 3.1.2 条规定“同一座厂房或厂房的任一防火分区内有不同火灾危险性生产时，厂房或防火分区内的生产火灾危险性类别应按Lang (en-US)>> BDC q0.000008871 0 595.32 841.92 reW* nBT/F3 12 Tf1 0 0 1 368.59 107.54 Tm0 g0 G[<0100>] TJETQ EMC  /P <</MCID 139>> BDC q0.000008871 0 595.32 841.92 reW* nBT/F3 12 Tf1 0 0 1 380.59 107.54 Tm0 g0 G[<0A3C043014D709B2186F184609B2186F2CB4052B04304C62>] TJETQ EMC  /P <</MCID?0ne一、建筑现行规范疑难点   6 火灾危险性较大的部分确定”，但对于厂房内不同火灾危险性等级的防火分区，其防火分区面积是否可根据自身的火灾危险性类别来确定？
0,guangdong.txt, 1.8 《建筑设计防火规范》GB 50016 第 3.3.1 条规定，地下和半地下丙类厂房的防火分区最大允许建筑面积不应大于 500m2，当设置自动灭火系统时则可增加 1.0 倍；位于丙类厂房地下室的设备用房，是否可以按照民用建筑部分的第 5.3.1 条“备注：设备用房的防火分区最大允许建筑面积不应大于 1000 m2” ，当设置自动灭火系统时，可按规定增加 1.0 倍，即为 2000 m2执行呢？
0,guangdong.txt, 1.9 项目建设用地内独立建造的耐火等级不低于二级的变配电房（采用干式变压器），其建筑类别是参考丙类厂房还是民用建筑？
0,guangdong.txt, 2.1.2.1 中庭屋面的耐火极限需满足什么要求？
0,guangdong.txt, 2.1.2.2 耐火等级为一、二级建筑的中庭、采光天井等开口部位与相邻建筑外窗之间的间距应满足什么要求？
0,guangdong.txt, 一、建筑现行规范疑难点   8 2 民用建筑  2.1 建筑分类和耐火等级 2.1.1 《建筑设计防火规范》GB 50016 第 5.1.1 条，表中“一类高层公共建筑”第2 项 “和其他多种功能组合的建筑”是否包括住宅与公共建筑组合建造的情况？
0,guangdong.txt, 例如：有个 2 层1的厂房，首层为一个防火分区，火灾危险性类别为丙类，二层为一个防火分区，火灾危险性类别为丁类，那么这个厂房的火灾危险性类别就定为丙类，而一、二层是否可以根据自身的火灾危险性类别按《建筑设计防火规范》GB 50016 第 3.3.1 条的规定来确定其分区面积？
0,guangdong.txt,3 P一、建筑现行规范疑难点   5 第一章  建筑现行规范疑难点 1 厂房和仓库 1.1 《建筑设计防火规范》GB 50016 第 3.8.7 条规定，高层仓库的疏散楼梯应采用封闭楼梯间，但是第 3.8.2 条又注明通向疏散走道或楼梯的门应为乙级防火门，多层丙类 2 项仓库需不需要设置封闭楼梯间？
0,guangdong.txt,公建及住宅建筑内天井的间距满足什么条件时，可等同于建筑物的普通外墙及外窗？
0,guangdong.txt,当住宅与公共建筑组合建造时，建筑分类该如何确定？
0,guangdong.txt,当开口部位与建筑上部外窗满足间距要求时，上部外窗是否仍可采用普通玻璃窗？
0,guangdong.txt,是否可以共用疏散楼梯？
0,guangxi.txt, 2.40 不兼作人员疏散功能的车库车道，是否需考虑其排烟？
0,guangxi.txt, 2.9 公共建筑、工业建筑中空间净高大于6m的场所，其每个防烟分区排烟量应根据场所内的热释放速率进行计算确定，且不应小于《建筑防烟排烟系统技术标准》GB 51251表4.6.3中的数值；部分建筑首层设置入户大堂或门厅，面积大于10023.82 Tm0 g0 G[(5.1.2)] TJETQ EMC  /PM171.3 防火分区与层数1.3.1 防火分区面积的折减1 问题描述：哪些面积可以不计入防火分区中？
0,guangxi.txt, 3.11 是否同一场所既可以采用普通喷头，又可以采用扩大覆盖面积喷头，只要喷头响应时间（RTI）相同即可？
0,guangxi.txt, 3.12 《自动喷水灭火系统设计规范》GB 50084 确定的喷水强度 12?2 0 R 12083 0 R 12084 0 R 12085 0 R 1208?fR2表 1.1.2 人员密集场所定义1.1.3 儿童活动场所1 问题描述：儿童活动场所的定义？
0,guangxi.txt,..............................441.5.29 相邻防火分区隔墙上的防火门...........................................................................441.6 建筑构造...........................................................................................................................441.6.1 疏散门..................... /K[ 95] /Pg 139 0 R>><</P 526 0 R/S/P?z}e41.1.5 教学实训楼、汽车销售店、月子中心等建筑场所的消防设计1 问题描述：教学实训楼、汽车销售店、月子中心等建筑场所怎样确定功能类别进行消防设计？
0,guangxi.txt,...1162.7.13 防烟分区排烟设计参数问题.............................................................................1172.7.14 公共建筑内疏散走道排烟设施设置问题.........................................................1182.7.15 大于 500 O的房间补风系统设置问题.............................................................1192.7.16 补风口位置设置问题.............................../S/Span/Type/StructElem/ActualText(300) ?a,191.1.13 耐火极限叠加1 问题描述：构件耐火极限可否在计算时考虑抹灰、防护层厚度影响时简单叠加？
0,guangxi.txt,1.1.10 屋面构造对建筑高度的影响1 问题描述：如何考虑屋面建筑构造层对建筑高度的影响？
0,guangxi.txt,1.1.11 厂房的首层外门净宽要求1 问题描述：《建筑防火通用规范》GB 55037-2022 的工业建筑部分对首层外门提出最小净宽要求，但未清晰给出该类外门的限定范围，是否工业建筑所有首层外门净宽均不得小于 1.2m？
0,guangxi.txt,1.1.12 墙内混凝土柱的耐火极限1 问题描述：防火墙的耐火极限为 3.00h，墙内混凝土柱尺寸限制是否需直接按此查表控制？
0,guangxi.txt,1.1.14 楼板孔洞封堵盖板的耐火极限怎么定1 问题描述：用于封堵楼板孔洞的盖板，其耐火极限怎么确定？
0,guangxi.txt,1.1.2 人员密集场所如何确定1 问题描述：人员密集场所、歌舞娱乐放映游艺场所的类型如何确定？
0,guangxi.txt,1.1.4 重要的公共建筑1 问题描述：重要的公共建筑的定义？
0,guangxi.txt,1.1.6 多种功能组合建筑的判定和防火分类1 问题描述：如何判定建筑类型为“多种功能组合建筑”？
0,guangxi.txt,1.1.7 商业服务网点1 问题描述：1）商业服务网点是否可以超出住宅投影线？
0,guangxi.txt,1.1.9 幕墙（玻璃、金属、石材等）、玻璃采光顶的耐火极限要求1 问题描述：幕墙（玻璃、金属、石材等）、玻璃采光顶等作为建筑外围护构件时，是否考虑其耐火极限要求？
0,guangxi.txt,1.2 总平面布局1.2.1 有夹角的相邻建筑防火分隔要求1 问题描述：两栋建筑满足防火间距不限的条件，但两栋建筑成夹角相邻时，相邻建筑外墙洞口最小间距有何要求？
0,guangxi.txt,1.2.3 住宅小区和单位内停车场与建筑的防火间距1 问题描述：住宅小区和单位内自用停车场地与建筑的防火间距如何确定？
0,guangxi.txt,1.2.4 单元式住宅相邻单元洞口间距1 问题描述：住宅两单元之间洞口防火间距如何确定？
0,guangxi.txt,1.2.6 地下室开口的防火间距1 问题描述：地下室设置的采光井，通风井等地下室开口与地面建筑的防火间距有何要求？
0,guangxi.txt,1.2.7 “U”、“E”型非住宅类建筑翼的间距1 问题描述：因功能、通风、采光的需要，同一栋建筑之间采用“U”、“E”字型布局，其相邻两翼间距有何要求？
0,guangxi.txt,1.2.8 住宅室外主要疏散连廊1 问题描述：住宅室外主要疏散连廊有何具体要求？
0,guangxi.txt,1.3.2 裙楼防火分隔1 问题描述：按裙楼设计防火分区及楼梯类型时，高层与裙楼之间如何正确设置防火墙？
0,guangxi.txt,1.3.4 架空层布置机动车、非机动车停车场时与建筑其它功能部分的防火分隔1 问题描述：架空层下设计机动车、非机动车停车场时与建筑其它功能部分的防火分隔有何要求？
0,guangxi.txt,1.3.5“设备用房+机动车库”组合布置的地下室的防火设计1 问题描述：地下室“设备用房+机动车库”组合时的防火设计有何要求？
0,guangxi.txt,2）商业服务网点是否可包含物业管理用房、社区服务站、老年人照料设施、幼儿活动等服务类型的设施？
0,guangxi.txt,3 参考做法：屋面上人孔面积有限，对消防扑救一般不会造成不利影响，不?股水枪的充实水柱，而只需满足同层（同一平面）有两股充实水柱即可？
0,guangxi.txt,3.10 《自动喷水灭火系统设计规范》GB 50084 第 5.0.2 条，净空高度 8m~12m 的场所用什么喷头？
0,guangxi.txt,3）上部无住宅的二层商业建筑，是否可按商业服务网点的要求做消防设计？
0,guangxi.txt,其排烟量如何计算？
0,guangxi.txt,办公建筑中附带阅览室、多功能厅等功能房间，商场与电影院组合建造，文化馆等类型建筑如何确定其防火类型？
0,guangxi.txt,图 1.2.1-2 两栋建筑夹角小于 180 度时防火间距示意图1.2.2 医院液氧储罐的防火间距要求1 问题描述：综合医院液氧储罐的防火间距如何确定？
0,guangxi.txt,图 1.3.2-2 裙房利用防火分区分隔时参考示意图1.3.3 建筑中庭的防火分区与疏散设计1 问题描述：规范未明确建筑中庭防火卷帘封闭区域的防火分区与人员疏散要求，该区域应如何设计？
0,guangxi.txt,如何考虑建筑找坡层对建筑高度的影响？
0,guangxi.txt,由于车道存在楼板标高变化（斜坡或螺旋向上），其排烟口设置位置有何要求？
0,guangxi.txt,（A、B 单元为一栋建筑，L2 一般不应小于 6m，L1 不应小于 1m）图 1.2.4 单元式住宅相邻单元洞口间距示意图...........................................922.5.2 灭火器配置场所的危险等级定性错误.................................................................922.5.4 充电桩车库灭火器单具灭火器最小配置灭火级别问题.....................................932.5.5 电动自行车充电停放场所消防设施和器材配置问题........................................932.5.6 消防控制室、电梯机房等设备间灭火器配置问题............................................952.6 火灾自动报警系统...........................................................[?YP????e?f/T&?141.2.5 阳台、凸窗的防火间距1 问题描述：设置阳台、凸窗的建筑，防火间距如何计算？
0,henan.txt,     d??d?Pb?hb??b?c?0g??e??用j?   85 3、其他规范方面问题解答 3.1、冷库为丙类仓库，占地面积大于 1000m2时，是否要求设计排烟系统？
0,henan.txt,   84 2.17、暖通机房、设备房、电梯机房等外墙上的排（进）风口是否需设置防火阀？
0,henan.txt, 2.8、通风（空调）风管、排烟管道是否允许穿越建筑内前室（合用前室）、疏散楼梯间、避难走道？
0,henan.txt, 3.12、住宅设喷淋要采用家用喷头吗？
0,henan.txt, 3.13、车库 4.0m~4.2m 井字梁，可否设 1 个扩大覆盖面积洒水喷头？
0,henan.txt, 答：对于钢筋混凝土构件防火保??第一篇建筑专业第一章建筑分类和耐火等级1.1 关于商业服务网点的相关问题:（1）住宅底部设置的居住区配套用房，如：托老所、社区综合用房、居委会办公、小型诊所、棋牌室、卫生服务站、物业用房、文化活动站等是否可按照商业服务网点的形式进行设计？
0,henan.txt,1.2 医院建筑中的“医疗街”的疏散能否参照《建筑设计防火规范》GB50016-2014（2018 年版）第 5.3.6 条有关"有顶棚的步行街"执行？
0,henan.txt,1.3 棋牌室、活动中心、健身房、足疗店等是否认定为"歌舞娱乐放映游艺场所"？
0,henan.txt,1.4 汽车 4S 店设有汽车销售、维修及停车等功能，此类建筑如何进行消防设计？
0,henan.txt,1.5 学校内的实训车间按厂房设计还是按教学建筑设计？
0,henan.txt,如何进行防火分隔和安全疏散？
0,henan.txt,学校内的实训楼呢？
0,henan.txt,条件限制必须穿越时，需要采取什么措施？
0,henan.txt,采用封闭楼梯间时，在首层如何疏散？
0,henan.txt,（2）商业服务网点每个分隔单元之间的外墙门窗洞口是否有距离要求？
0,henan.txt,（3）商业服务网点疏散距离怎么规定？
0,henan.txt,（4）商业服务网点是否需要每分隔单元均设置消防救援窗，消防救援窗的设置有何要求？
0,jiangsu.txt,1.1.1.3 甲、乙类厂房外附设的环保处理设备采用不燃材料制作时，可否参照《建规》第3.4.6条的条文说明要求，对环保设备与所属厂房之间的防火间距不作要求？
0,jiangsu.txt,1.1.1.5 18个放置在室外的塑料粒子的原料金属仓，与建筑物之间的防火间距能否参考粮食仓的间距设置？
0,jiangsu.txt,1.1.1.6 乙类厂房和丙、丁、戊类厂房是否可以贴邻建造？
0,jiangsu.txt,1.1.1.7 甲类仓库跟燃气调压柜之间的防火间距应当怎么确定？
0,jiangsu.txt,1.1.1.8 主要消防车道路是指哪些道路？
0,jiangsu.txt,1.1.2.11 一座火灾危险性等级为丙类厂房，其中有 1 层生产车间为丁、戊类，该层是?5否能够按照丁、戊类单独划分防火分区，并按丁戊类设计相关消防设施？
0,jiangsu.txt,1.1.2.12 按容积、容积比可不定性为甲、乙类火灾危险性类别的封闭场所或区域是否需要考虑防爆（建筑、电气等方面）？
0,jiangsu.txt,1.1.2.13 冷库是否可以与厂房合建？
0,jiangsu.txt,1.1.2.14 厂区内全智能无人库房是否可以与其他库房、办公等合建？
0,jiangsu.txt,1.1.2.15 两栋丙类厂房或丙类厂房与丙类仓库贴邻（一字型并列布置、占地面积较小）建设，设置双侧防火墙；两侧的开窗可否按照《建规》第 6.1.4 条考虑？
0,jiangsu.txt,1.1.2.16 《建规》第 5.4.12、5.4.13 强条要求是否同样适用于工业建筑？
0,jiangsu.txt,1.1.2.17 《建规》第8.3.1条中所说的“下列厂房或生产部位”中的生产部位是否仅仅是指本条第1点及第4点所提到的部位？
0,jiangsu.txt,1.1.2.18 《精细化工企业工程设计防火标准》GB51283-2020表4.2.9注3，本条注解中所提及的“生产设施”是仅指该表格中“生产设施”的小类，还是也包括表格中储罐、泵房、仓库等其他设施？
0,jiangsu.txt,1.1.2.19 《建规》第 3.1.2-1 款中：“火灾危险性较大的生产部分占本层或本防火分区建筑面积的比例小于 5%......”，其中如厂房因工艺条件竖向划分防火分区的，火灾危险性较大的生产部分面积是按本层的面积 5%还是按整个防火分区的面积 5%？
0,jiangsu.txt,1.1.2.20 工厂的办公楼与食堂合建的建筑是否属于人员密集场所？
0,jiangsu.txt,1.1.2.3 高层厂房的塔楼部分都是生产车间（丙类），裙房为生产配套，部分设有厨房、食堂、报告厅，是否符合《建规》第 5.4.2 条？
0,jiangsu.txt,1.1.2.4 单层厂房内局部设置夹层，整栋建筑是按单层还是按多层定性？
0,jiangsu.txt,1.1.2.5 车间内仅有局部爆炸危险工段，设置在独立房间，通过防爆门斗通向其他非爆炸危险区域，防爆门斗外是否可以划分为非爆炸危险场所？
0,jiangsu.txt,1.1.2.6 库房的安全疏散、消防设施等防火设计，按照工业建筑还是民用建筑进行设计？
0,jiangsu.txt,1.1.2.8 《建规》对于“中间仓库”中没有明确的面积要求，一栋厂房“中间仓库”与车间面积相当或更大，按厂房设计是否可以？
0,jiangsu.txt,1.1.2.9 《建规》第 3.3.5、3.3.9 条：办公室、休息室允许设置在丙、丁类厂房、仓库内，办公室、休息室的面积如何控制？
0,jiangsu.txt,1.1.2防火分区和平面布置1.1.2.1 谷物类加工厂房是否可以认定为不属于人员或可燃物较多的丙类生产厂房？
0,jiangsu.txt,1.1.3.10 仓库建筑两个相邻防火分区在每个防火分区各自设有1部独立疏散楼梯的前提下，是否可以采用在两个防火分区交界区域设置共用疏散楼梯间以满足安全出口设置要求？
0,jiangsu.txt,1.1.3.11 《建规》第 3.7.4 条文说明：“本条规定的疏散距离均为直线距离，即室内最远点至最近安全出口的直线距离，未考虑因布置设备而产生的阻挡，但有通道连接或墙体遮挡时，要按其中的折线距离计算”，是否厂房表达疏散距离时可不考虑设备布置？
0,jiangsu.txt,1.1.3.14 《物流建筑设计规范 》GB51157-2016第15.4.1条：“物流建筑的安全疏散应按其使用功能分别执行现行国家标准《建规》中有关厂房和仓库疏散的规定。当丙111.1.4.5 半敞开式厂房、敞开式厂房是否每层需要设置窗槛墙？
0,jiangsu.txt,1.1.3.2 《建规》第 6.4.6 条明确丁、戊类高层厂房每层工作平台在满足条件时可以采用敞开楼梯等，那么丁、戊类多层厂房是否也可以采用？
0,jiangsu.txt,1.1.3.5 《建规》第 3.8.2 条的规定：“仓库内每个防火分区通向疏散走道、楼梯或室外的出口不宜少于 2 个，当防火分区的建筑面积不大于 100m2 时，可设置 1 个出口”，这里出口是特指安全出口（供人员安全疏散用的楼梯间和室外楼梯的出入口或直通室内外安全区域的出口），还是可以包括通向公共疏散走道（几个防火分区共用，类似避难走道）的疏散出口？
0,jiangsu.txt,1.1.3.6 丙类生产厂房地下设置的全自动化设备区域，该区域除设备检修以外，平时无人员出入，是否需要按照地下生产厂房1000m2划分一个防火分区（设置喷淋）、每个防火分区设置2个疏散口，人员疏散是否需要满足《建规》第3.7.4条相关距离规定？
0,jiangsu.txt,1.1.3.7 厂房内通往检修平台、操作平台的楼梯宽度是否有要求？
0,jiangsu.txt,1.1.3.9 多层丙类厂房标准层面积 1000m2，局部高出屋面的车间或工艺设备用房面积250m2，此部分是否允许仅设置一部疏散楼梯，把开向屋面的门作为第二安全出口？
0,jiangsu.txt,1.1.3安全疏散1.1.3.1 如下图所示，在有爆炸危险性的厂房内，无爆炸危险性的车间、有爆炸危险性的车间，安全疏散门是否都可以通向楼梯间？
0,jiangsu.txt,1.1.4.3 洁净厂房洁净区与非洁净区隔墙上的观察窗，与《建规》走道上设置玻璃窗要求不太一致，其玻璃是否一定需要采用 A 类防火玻璃？
0,jiangsu.txt,1.1.4.4 高大工业厂房屋面采用钢梁、钢檩条、金属屋面板，附设在建筑内的消防控制室、灭火设备室、消防水泵房和通风空气调节机房、变配电室、封闭楼梯间等其隔墙砌至钢梁底或某个标高，不设钢筋混凝土顶盖，仅做吊顶或不做吊顶，是否可以？
0,jiangsu.txt,1.1.4.6 根据《建规》第 3.4.1 条规定，防火间距不能满足要求的情况下可以采用设防火墙等措施，此处的防火墙的耐火极限是 3.0h 还是需要执行更高的要求？
0,jiangsu.txt,1.1.4建筑构造1.1.4.1 丙、丁、戊类厂房内甲、乙类工段与其他部分应如何进行分隔？
0,jiangsu.txt,1.2.2.3 商业服务网点作为一种特殊的商业活动场所，允许哪些使用用途？
0,jiangsu.txt,1.2.2防火分区和平面布置1.2.2.1 两个住宅单元呈夹角（大于等于 90°且小于 180°）布置，此时这两个单元外窗的间距是按防火间距计算，还是按防火墙或防火隔墙两侧的洞口间距计算？
0,jiangsu.txt,1.2.3.10 住宅中通往“三合一前室”的两扇防火门之间的水平距离已大于 5m，问“三合一前室”内通往两个疏散楼梯间的防火门的水平距离是否仍需大于 5m？
0,jiangsu.txt,1.2.3.11 商业服务网点可以做开敞楼梯吗？
0,jiangsu.txt,1.2.3.12 住宅套内房间（走道）最远点经过楼梯（楼梯按其水平投影长度的 1.50 倍计算距离）到一层安全出口的距离符合《建规》第 5.5.17 条对房间、走道疏散距离的要求，设置开敞楼梯是否可以？
0,jiangsu.txt,1.2.3.14 商业服务网点中的居家养老服务用房是否有使用人数（床位）的限定？
0,jiangsu.txt,1.2.3.16 19 层及以上住宅单元如采用外廊疏散，通往外廊的门开启方向有何限制，是否一定要双向开启？
0,jiangsu.txt,1.2.3.3 对于图示建筑高度为 33m~54m 的高层住宅，连廊是否可以看成防烟楼梯间的前室？
0,jiangsu.txt,1.2.3.5 住宅建筑的普通电梯和消防电梯是否可以同时设在防烟楼梯间前室？
0,jiangsu.txt,1.2.3.6 住宅的楼梯和电梯常成组布置，当地下汽车库不需借用楼梯疏散时，可否仅将电梯通至地下汽车库？
0,jiangsu.txt,1.2.3.9 地上设敞开楼梯间和电梯、地下室设封闭楼梯间的 11 层住宅建筑，地下室电梯门和电气管井（为本栋住宅服务）检修门可否开设在地下室的封闭楼梯间内？
0,jiangsu.txt,1.2.4.10 住宅与二层的人员密集场所（非商业服务网点）组合建造的高层建筑，住宅部分的外墙保温材料燃烧性能是什么？
0,jiangsu.txt,1.2.4.11 建筑底层扩大封闭楼梯间的门（底层门厅大门）与相邻门、窗、洞口水平距离是否需要满足不小于 1m 的要求？
0,jiangsu.txt,1.2.4.2 住宅设计封闭阳台时，当阳台内房间的外墙和外门均按外墙设计（节能计算作16为外墙和外门窗），且阳台内侧的房间门窗满足 1h 耐火极限的情况下，该阳台是否要满足窗槛墙 1.20m 的高度要求？
0,jiangsu.txt,1.2.4.3 《住宅设计标准》DB32/3920-2020 第 8.8.1-1 款：“局部遮挡物的总宽度不应大于连廊直接对外开口宽度的 20％”，是否意味着此种情形时敞开连廊直接对外最小开口宽度不应小于 4.8m？
0,jiangsu.txt,1.2.4.5 非机动车坡道在地下出入口处未设防火门，坡道地面出入口与地上相邻建筑的防火距离是否按《住宅设计标准》DB32/3920-2020 第 8.4.6 条要求？
0,jiangsu.txt,1.2.4.6 1）住宅地下室仅一层且地上、地下共用楼梯间仅在首层进行防火分隔，地下楼梯间首层直通室外并设置不小于 1.2 O可开启外窗或外门，是否满足楼梯间自然通风要求？
0,jiangsu.txt,1.2.4.7 住宅建筑封闭楼梯间南侧设置主入口门厅，北侧设置室外楼梯作为次要入口（高差 1.2m），北侧楼梯是否按照《建规》第 6.4.5 条室外疏散楼梯的消防要求？
0,jiangsu.txt,1.2住宅建筑1.2.1总平面布局1.2.1.1 《住宅设计标准》DB32/3920-2020 第 8.6.2 条文说明：“消防车道转弯半径可以以道路中心线计算”，只有两种尺寸（高层 15m 和低多层 9m）控制，对于建筑高度介于 27-33m 的高层住宅是否过于苛刻？
0,jiangsu.txt,1.3.1.2 民用建筑开向设有疏散楼梯的室外疏散平台的门是否要乙级防火门？
0,jiangsu.txt,1.3.1.3 同一公共建筑“回”字形或“U”字形等凹口平面形状的，其两翼墙上的门窗洞口之间间距有何要求？
0,jiangsu.txt,1.3.1.6 消防水池、消防水罐、消防水箱等消防储水设施是否需按公共建筑要求来控制其与周边设施的防火间距？
0,jiangsu.txt,1.3.2.11 两个相邻防火分区建筑面积均小于 1000m2，每个防火分区仅设置一部疏散楼梯，总的疏散宽度满足规范要求，是否可以通过防火墙上的防火门互相借用？
0,jiangsu.txt,1.3.2.12 中小学校地下汽车库内的接送等待区，消防设计是按汽车库设计还是民用建筑的地下室设计？
0,jiangsu.txt,1.3.2.13 《建规》第 8.1.7 条规定，消防控制室宜设在建筑内首层或地下一层，是否可以设置在二层及以上？
0,jiangsu.txt,1.3.2.15 影厅布置在地上商业高层建筑内，为中型电影院，座位数 960 个，防火分区面积是否可按《建规》第 5.3.4 条规定的商业营业厅的防火分区要求划分？
0,jiangsu.txt,1.3.2.16 设置在建筑内非首层（地下或一层以上）的大型汽车 4S 店，如其销售大厅停车数量较多，是按汽车库还是商业？
0,jiangsu.txt,1.3.2.2 老年人照料设施所指范围是否包含老年人活动场所、附带的老年人医疗保养场所、不完全封闭的老年人活动和健身场地？
0,jiangsu.txt,1.3.2.3 影院、礼堂、剧场候场大厅处的防火分隔墙能否采用防火卷帘替代？
0,jiangsu.txt,1.3.2.5 建筑的室外平台、敞开外廊、敞开连廊、敞开阳台、露台等是否计入防火分区面积？
0,jiangsu.txt,1.3.2.6 不同防火分区合用疏散楼梯间是否可行？
0,jiangsu.txt,1.3.2.8 科研建筑的底部楼层有时会配置一些生活便利设施，如小型咖啡店、简餐、小型超市、文印、银行小型网点等，是否属于《科研建筑设计标准》JGJ91-2019 第 3.2.5条规定的“居住生活配套用房”？
0,jiangsu.txt,1.3.2防火分区和平面布置1.3.2.1 公共娱乐场所怎么界定？
0,jiangsu.txt,1.3.3.10 分别设置前室的剪刀楼梯间作为两个安全出口，首层共用一个扩大前室通至室外，是否可以？
0,jiangsu.txt,1.3.3.11 商业服务网点内如设置喷淋，最远疏散距离能否增加 25%？
0,jiangsu.txt,1.3.3.12 歌舞娱乐放映游艺场所中的大空间部位的疏散距离如何界定？
0,jiangsu.txt,1.3.3.13 建筑首层外门直接与室外连通的开口空间的深度和宽度有没有限定的标准？
0,jiangsu.txt,1.3.3.14 房间嵌套房间是否可行？
0,jiangsu.txt,1.3.3.17 多层地上公共建筑，每层两个防火分区，各自有一个独立疏散楼梯，第二安全出口均利用设置在两防火分区交界处的剪刀楼梯（疏散门分别在各自防火分区），是否可行？
0,jiangsu.txt,1.3.3.18 《建规》第 5.5.3 条，建筑的楼梯间宜通至屋面，现多数的设计单位设计时，多层及裙房楼梯间均未出屋面（特别是有坡屋面设计时），高层有时也不出屋面或者只出一个楼梯间，如何控制高层、多层出屋面楼梯间的数量？
0,jiangsu.txt,1.3.3.19 餐饮建筑，平面划分为餐饮包间，是否可按包间座位计算疏散人数，其它服务人员如何计算人数？
0,jiangsu.txt,1.3.3.20 中小学校的风雨操场，室内最远点至最近疏散门或安全出口的直线距离按什么标准控制？
0,jiangsu.txt,1.3.3.21 地下室仅有消防泵房时，消防泵房与楼梯间可以不设防火门吗？
0,jiangsu.txt,1.3.3.22 中小学校、托儿所、幼儿园的普通教室（幼儿园的活动室）、专用教室、教师办公室等有固定座位，是否需按《建规》第 5.5.21-5 款以 1.1 倍来计算疏散人数？
0,jiangsu.txt,1.3.3.23 建筑内的房间、厅、室的疏散门是否可以直接开向疏散楼梯间或前室？
0,jiangsu.txt,1.3.3.26 当病房楼、老年人照料设施需设避难间时，是否应靠外墙设置？
0,jiangsu.txt,1.3.3.27 地下商业与地上商业的疏散楼梯在首层通过同一“内走廊”（直通室外无外门）到达室外，该“内走廊”的宽度是否需要地上、地下疏散宽度叠加？
0,jiangsu.txt,1.3.3.28 避难走道直通地面的楼梯设置在走道的不同方向，是否允许存在部分“袋形走道”？
0,jiangsu.txt,1.3.3.29 有的建筑屋面设置太阳能等设备影响疏散宽度，利用屋面疏散时屋顶的疏散??外廊同时作为该楼梯间的前室，则距离不35通道宽度有什么要求？
0,jiangsu.txt,1.3.3.30 夜总会、卡拉 OK 厅大于 30m2 不大于 50m2 的包间需要设 2 个疏散门吗？
0,jiangsu.txt,1.3.3.31 社区中心内的社区医院是否需要设置独立的疏散楼梯？
0,jiangsu.txt,1.3.3.32 医院门诊楼、急诊室是否属于人员密集场所？
0,jiangsu.txt,1.3.3.33 商业建筑顶层，一部分为分散布置的商店功能其余为屋面，疏散时有部分商店房间需要通过一段屋面进入疏散楼梯间，此时如何计算该商店房间门至楼梯间的距离，楼梯间门是向疏散方向开启还是开向屋面？
0,jiangsu.txt,1.3.3.34 建筑首层架空层内较深入位置的门厅、房间或楼梯间，其开入架空层的疏散门，是否可以认定为直通室外安全区域的出口？
0,jiangsu.txt,1.3.3.35 位于袋型走道尽端或两侧的房间，当疏散门有两个时，疏散距离是从最近的疏散门还是最不利点的疏散门至最近安全出口的直线距离？
0,jiangsu.txt,1.3.3.39 人员密集场所的防火分区可以借用通向相邻防火分区的甲级防火门进行疏散吗？
0,jiangsu.txt,1.3.3.4 小型多层商业建筑，内部两侧联排店铺之间的公共走廊最小宽度根据疏散人数计算疏散宽度小于 3.0m，公共走廊宽度是否可以采用计算疏散宽度进行设计？
0,jiangsu.txt,1.3.3.40 仅供地下汽车库疏散的楼梯，楼梯间在首层直接对外的外门最小净宽应该是0.9m 还是 1.1m？
0,jiangsu.txt,1.3.3.5 电影院人数如何计算？
0,jiangsu.txt,1.3.3.6 对于足浴、卡丁车、真人 CS、游泳馆、溜冰场、健身房、门诊楼、体育健身场馆（非正式开展比赛的场馆，没有看台观众席，例如瑜伽、羽毛球、射击、乒乓球等）、书吧等规范未明确人员密度的场所，具体疏散人员数量该如何计算？
0,jiangsu.txt,1.3.3.9 商业建筑前室面积或前室的长度是否有限制？
0,jiangsu.txt,1.3.3安全疏散和避难1.3.3.1 多层纯餐饮场所、培训机构等建筑是否需要设置封闭楼梯间？
0,jiangsu.txt,1.3.4.10 学校建筑敞开走廊上、下层之间要考虑 1.2m 的窗槛墙高度吗？
0,jiangsu.txt,1.3.4.11 2 层公共建筑，敞开楼梯间，总建筑面积不超过一个防火分区，中庭处也相连通，建筑外墙上、下层开口之间需要设置 1.2m 窗槛墙，那么其余部位是否需要设置0 -0 TD<1B69>Tj 240 -0 TD<4650>TjETQqBT0 0 0 rg/FT27 240 Tf/GS13 gs0.05 0 0 -0.05 76.559 430.609 Tm<0A38>Tj 240 -0 TD<14A6>Tj 240 -0 TD<046A>Tj 240 -0 TD<0430>Tj 240 -0 TD<11E6>Tj 240 -0 TD<07A6>Tj 240 -0 TD<0506>Tj 240 -0 TD<08CF>Tj 240 -0 TD<372D>Tj 240 -0 TD<2CB4>Tj 240 -0 TD<3A55>Tj 240 -0 TD<044A>Tj 240 -0 TD<1657>Tj 240 -0 TD<2B58>Tj 240 -0 TD<186F>Tj 240 -0 TD<02C4>Tj 240 -0 TD<152A>Tj 240 -0 TD<3181>Tj 240 -0 TD<4D92>Tj 240 -0 TD<301F>Tj 240 -0 TD<0F57>Tj 240 -0 TD<04BE>TjETQqBT0 0 0 rg/FT32 240 Tf/GS13 gs0.05 0 0 -0.05 343.559 430.609 Tm<0016>Tj 120 -0 TD<0013>Tj 120 -0 TD<0013>TjETQqBT0 0 0 rg/FT27 240 Tf/GS13 gs0.05 0 0 -0.05 364.559 430.609 Tm<0383>Tj 240 -0 TD<02C8>Tj 240 -0 TD<0FB2>Tj 240 -0 TD<34EF>Tj 240 -0 TD<043B>Tj 240 -0 TD<0E29>Tj 240 -0 TD<41DD>Tj 240 -0 TD<1D6A>Tj 240 -0 TD<1DB4>Tj 240 -0 TD<01C3>Tj 240 -0 TD<4B26>Tj 240 -0 TD<3E7C>TjETQqBT0 0 0 rg/FT27 240 Tf/GS13 gs0.05 0 0 -0.05 508.559 430.609 Tm<01C3>TjETQqBT0 0 0 r'??T401.2m 窗槛墙？
0,jiangsu.txt,1.3.4.12 建筑一层外窗的顶部梁高 900mm，建筑二层向外悬挑 1500mm 宽，挑出部分的外墙上设低窗（窗台高 100mm），此种构造能否满足上下层窗槛墙高度 1.2m 以上的要求？
0,jiangsu.txt,1.3.4.13 凸出于建筑室外的消防电梯井道和顶部能用防火玻璃吗？
0,jiangsu.txt,1.3.4.14 对于非住宅类的建筑，是否允许有普通电梯的门、管道井门开向一层的防烟楼梯间扩大前室或扩大封闭楼梯间？
0,jiangsu.txt,1.3.4.15 楼层上的配电小间的防火门采用（甲、乙、丙）哪级？
0,jiangsu.txt,1.3.4.16 穿过建筑物或进入建筑物内院的消防车道两侧是否应采用防火墙？
0,jiangsu.txt,1.3.4.17 为商场服务的附属库房，防火分区面积、防火分隔、疏散计算应如何确定？
0,jiangsu.txt,1.3.4.18 屋面网架的耐火极限，是按照防火规范中的“梁”还是“屋顶承重构件”确定？
0,jiangsu.txt,1.3.4.19 单层钢结构厂房的屋面檩条的耐火极限，按防火规范中的“梁”还是“屋顶承重构件”来确定？
0,jiangsu.txt,1.3.4.2 民用建筑走道两侧设置的玻璃隔断、为了通风在疏散走道隔墙上设置的窗户等耐火极限是否有要求？
0,jiangsu.txt,1.3.4.20 用于分隔地下总建筑面积大于 20000 O商业的下沉式广场，当采用耐火完整性不小于 1h 的防火玻璃窗或防火卷帘等防止火灾水平蔓延的措施时，分隔后不同区域通向下沉式广场的开口最近边缘之间的水平距离是否不限？
0,jiangsu.txt,1.3.4.22 疏散楼梯间首层直通室外的门是否需满足《建规》第6.4.1-1款的规定？
0,jiangsu.txt,1.3.4.23 地上、地下部分共用楼梯间，首层地上与地下的梯段交界部位，外墙上、下层开口之间实体墙高度是否按1.2m控制？
0,jiangsu.txt,1.3.4.24 公共建筑中的厨房，在不使用燃气、没有明火的情况下是否也要使用耐火极限2.0h的防火隔墙和乙级防火门与其他部位隔开？
0,jiangsu.txt,1.3.4.25 自动扶梯四周采用防火卷帘分隔时，考虑发生火灾时自动扶梯上人员的疏散，是否应在自动扶梯到达楼层处设置甲级防火门？
0,jiangsu.txt,1.3.4.28 面临下沉式广场的地下建筑房间，疏散出口均开向下沉广场，且下沉式广场满足疏散要求，此类房间的内部装修材料燃烧等级是否可按地上建筑执行？
0,jiangsu.txt,1.3.4.29 不超过4层的商业楼梯间首层通过门厅直通室外，门厅两侧均设置防火卷帘是否可以？
0,jiangsu.txt,1.3.4.30 防火分区内的病房、产房、手术部、精密贵重医疗设备用房等，均应采用耐火极限不低于2.00h的不燃烧体与其他部位分隔开，对隔墙上的门窗耐火极限有无要求？
0,jiangsu.txt,1.3.4.31 医疗建筑中有些房间因洁净要求而设置的推拉门是否可以作为疏散门？
0,jiangsu.txt,1.3.4.33 电梯层门满足《建规》第6.2.9-5款的要求时，是否可认为该门满足乙级防火门的要求？
0,jiangsu.txt,1.3.4.34 如果楼梯间疏散门处于完全开启状态时不伸入楼梯平台转弯半径，但开启到90°时会伸入楼梯平台转弯半径，影响到楼梯平台的有效宽度，可否采用这种开启角度超过 90 度的门？
0,jiangsu.txt,1.3.4.35 当消防立管或消火栓、灭火器位于楼梯间，但是在楼梯疏散路径的半圆范围需满足《建规》 TD<044A>Tj 240 -0 TD<1D3D>T??044之外时，是否算满足要求，不影响疏散？
0,jiangsu.txt,1.3.4.36 仅考虑疏散，民用建筑（如办公楼）内走道的隔墙耐火极限不足 1.0h，如按大空间疏散满足要求，是否可以？
0,jiangsu.txt,1.3.4.37 消防电梯前室尺寸 2.4mx2.4m，在这个范围内可不可以有消火栓立管？
0,jiangsu.txt,1.3.4.38 是否可以在室外疏散楼梯首层梯段下方设置疏散门？
0,jiangsu.txt,1.3.4.4 下沉式广场是否可以认为是安全区域？
0,jiangsu.txt,1.3.4.41 当地下室楼梯通过地上楼梯进行疏散，仅在首层采用防火隔墙和防火门进行分隔时，地上楼梯间和地下楼梯间属于共用楼梯间的形式，是否可以仅在地上楼梯间的最高处设置 1 O固定窗？
0,jiangsu.txt,1.3.4.5 直接开向室外的设备机房门（如屋顶消防电梯机房及风机房的门）是否可采用普通门？
0,jiangsu.txt,1.3.4.6 单樘防火卷帘的宽度和高度是否有限制？
0,jiangsu.txt,1.3.4.7 两栋建筑各自疏散宽度都不足，中间用连廊相连（连廊无可燃物，也无疏散楼梯），通向连廊的门作为安全出口互相借用，符合要求吗？
0,jiangsu.txt,1.3.4.8 敞开楼梯间与外廊相连，楼梯间中间平台处无外窗，利用走廊外窗作为自然通风窗，是否可以？
0,jiangsu.txt,1.3.4.9 地下室的封闭楼梯间在首层的疏散门可以开向首层楼梯间扩大前室吗？
0,jiangsu.txt,1.3.4建筑构造1.3.4.1 部分建筑如商业综合体会设计大量的玻璃中庭顶，中庭顶的材料应满足什么要求？
0,jiangsu.txt,1.3.5.2 消防车登高操作场地是否必须设置在楼梯的立面侧？
0,jiangsu.txt,1.3.5.3 受场地限制，消防车道距离建筑外墙能否小于 5m？
0,jiangsu.txt,1.3.5.4 布置消防车登高操作场地时，L、U 字形高层建筑（两端伸出段比较长）如何确定其长边长度？
0,jiangsu.txt,1.3.5.5 实际工程中普通消防车、大型消防车和重型消防车应如何选用？
0,jiangsu.txt,1.3.5灭火救援设施1.3.5.1 可不设消防车登高操作场地的多层建筑的雨棚进深是否不限？
0,jiangsu.txt,1.3公共建筑1.3.1总平面布局1.3.1.1 相邻建筑通过封闭连廊连接时，如两幢建筑间防火间距满足规范要求，是看作一幢建筑还是两幢建筑？
0,jiangsu.txt,2）如地下部分楼梯间在首层通过住宅单元门厅直通室外，地下部分楼梯间是否应在首层最高部位设置不小于 1 O可开启外窗？
0,jiangsu.txt,3）如地下部分楼梯间设置机械加压送风系统是否须要执行《建筑防烟排烟系统技术标准》GB 51251-2017 第 3.3.11 条在其顶部设置不小于 1 O的固定窗？
0,jiangsu.txt,4（2018 年版）（以下简称《建规》）第 3.3.2 条的规定，建筑之间不满足防火间距，通过连廊相连应定性为一幢建筑还是几栋建筑？
0,jiangsu.txt,j 120 -0 TD<0015>Tj 120 -0 TD<0013>Tj 120 -0 TD<0010>Tj 79.188 -0 TD<0015>Tj 120 -0 TD<0013>Tj 120 -0 TD<0015>Tj 120 -0 TD<0013>TjETQqBT0 0 0 rg/FT27 240 Tf/GS13 gs2 Tr0.3432 w0.05 0 0 -0.05 308.04 177.17 Tm<315C>TjETQqBT0 0 0 rg/FT159 240 Tf/GS13 gs0 Tr0.05 0 0 -0.05 323.04 177.05 Tm<001B>Tj 120 -0 TD<0011>Tj 60 -0 TD<0017>Tj 120 -0 TD<0011>Tj 60 -0 TD<0019>TjETQqBT0 0 0 rg/FT27 240 Tf/GS13 gs2 Tr0.3432 w0.05 0 0 -0.05 350.04 177.17 Tm<1D91>Tj 240 -0 TD<1C5F>Tj 242.391 -0 TD<1229>Tj 240 -0 TD<381A>Tj 242.391 -0 TD<2766>Tj 240 -0 TD<19C2>Tj 240 -0 TD<270F>Tj 242.391 -0 TD<30C7>Tj 240 -0 TD<01C3>Tj 242.391 -0 TD<47F7>Tj 240 -0 TD<0779>Tj 240 -0 TD<30C7>Tj 242.391 -0 TD<2CB4>Tj 240 -0 TD<3FB1>TjETQqBT0 0 0 rg/FT27 240 Tf/GS13 gs???371.3.3.37 《建规》第 5.5.21 条：对于表 5.5.21-1 每层的房间疏散门、安全出口、疏散走道和疏散楼梯的每 100 人最小疏散净宽度与楼层的如何理解？
0,jiangsu.txt,?? 3.2.5 条规定的“居住生活配套用房”是指住宅、公寓、宿舍、食堂等，咖啡店、简??341.3.3.25 商业建筑中的儿童活动场所，其疏散距离是否应按《建规》第 5.5.17 条中幼儿园的要求设计，还是可以按商业营业厅的要求来控制？
0,jiangsu.txt,?（床位）的限定？
0,jiangsu.txt,“袋形走道”的最大长度如何控制？
0,jiangsu.txt,”应理解为设置了餐饮场所的商业营业厅整体执行本规定，还是仅指设置餐饮场所的部分执行本规定？
0,jiangsu.txt,”是不是指楼梯间每五层需要有两层设置可开启外窗或开口即可以，还是指每四层？
0,jiangsu.txt,”此处的首层疏散外门是否包括门厅内楼梯间的首层疏散门？
0,jiangsu.txt,”问：当住宅建筑不直接沿街，小区周边建筑物外设有围墙时，是否可以不按此条执行？
0,jiangsu.txt,”问：楼梯间窗口与敞开外廊之间的距离如何控制？
0,jiangsu.txt,”问：独立单元的 18 层住宅（高度不超 54m），消防登高场地和消防车道都设在南侧，该侧有尺度较大的立面造型，对这些造型有什么具体要求？
0,jiangsu.txt,”问：至少两个面靠外墙的区域是否可以包括进入避难区的前室等区域？
0,jiangsu.txt,一~三层商店的百人最小疏散净宽度可否按不小于 0.75m 确定，四层及以上各层办公部分的百人最小疏散净宽度仍按不小于 1.0m 确定？
0,jiangsu.txt,一个门上既设置门禁又设置防火门监控系统，是否合理？
0,jiangsu.txt,一个防火分区，同时存在大空间+短走道、小房间+长走道的平面布局和疏散形式，33是否可行？
0,jiangsu.txt,丁、戊类多层厂房的疏散楼梯间也需要首层平面直通室外吗？
0,jiangsu.txt,上下层未封闭式阳台的窗槛墙高度不足 1.2m，是否可以把阳台看作是外悬挑檐？
0,jiangsu.txt,不作为消防车登高操作场地的消防车道，距离建筑外墙不应大于多少？
0,jiangsu.txt,与《建规》第6.4.11条“民用建筑和厂房的疏散门，应采用向疏散方向开启的平开门，不应采用推拉门、卷帘门、吊门、转门和折叠门”有冲突，该情况如何解决？
0,jiangsu.txt,与地上部分共用楼梯间，在首层采用耐火极限不低于2.0h的防火隔墙和乙级防火门将地下或半地下部分与地上部分的连通部位完全分隔的做法是否可行？
0,jiangsu.txt,与室外疏散楼梯相邻的外墙耐火极限又该如何确定？
0,jiangsu.txt,两个门间距是否需要大于 5m？
0,jiangsu.txt,中庭可否采用异形防火卷帘或折叠提升防火卷帘？
0,jiangsu.txt,中庭顶与上部建筑物之间的距离有没有要求？
0,jiangsu.txt,为住宅服务的地下室（机动车库、非机动车库、设备用房等）疏散楼梯间首层直通室外的疏散门的净宽度不?M??291.3.3.3 高层病房楼及老年人照料场所避难间可否利用消防电梯前室或普通电梯前室？
0,jiangsu.txt,但是中庭应与周围连通空间采用符合《建规》第5.3.2-1 款要求的防火分隔措施进行分隔，中庭内不应布置可燃物，中庭空间应以人员交通为主，不应设置其他实际使用功能；当中庭内有未采取上述防火分隔措施的商业、服务使用功能，或回廊的宽度大于6m 时（确有需要设置的自动扶梯、敞开楼梯平台的宽度可不计入），中庭区域按首层和上、下各层相连通的建筑面积叠加计算后不得大于一个防火分区面积，包含中庭的防火分区应设置安全出口并满足安全疏散要求，当利用相邻防火分区的疏散门进行?否计入防火分区面积？
0,jiangsu.txt,但第 4.4.1 条仅要求与基地外建筑等的防火间距，液氢、液氨储罐与厂内设施的防火间距如何确定？
0,jiangsu.txt,但考虑到工作塔内无生产人员，仅有 1 到 2 位巡检人员，且占地面积小，是否可以考虑不设置消防车登高操作场地？
0,jiangsu.txt,住宅地下室的楼梯在一层直接对外的门是否也需要控制 1.1m 的净宽？
0,jiangsu.txt,修车部分工位数量大于 15 辆的 4S 店修车区域能否与 4S 店其他功能区域紧密贴邻建造或开设联通的门窗洞口？
0,jiangsu.txt,公共建筑的中庭底层是否需要设置防火卷帘？
0,jiangsu.txt,其防火分区最大允许面积是否可以放宽为 1000m2？
0,jiangsu.txt,具体实施要求？
0,jiangsu.txt,冷库作为厂房的中间仓库是否可以？
0,jiangsu.txt,凹槽中底层有突出高层的建筑是否影响消防扑救或救援？
0,jiangsu.txt,变配电室如何界定？
0,jiangsu.txt,另“中、大型”托育机构是否需要参照“中、大型”托儿所要求进行独立设置？
0,jiangsu.txt,另，如果环保设备顶部采用不燃材料搭建的雨棚或周边设有不燃围护结构时，其与所属厂房的防火间距是否也可以不作要求？
0,jiangsu.txt,可否参考《建规》第 5.5.17 条的规定，当层数不超过4 层且未采用扩大的封闭楼梯间或防烟楼梯间前室时，可将直通室外的门设置在离楼梯间不大于 15m 处？
0,jiangsu.txt,合并后的商业是否仍是商业服务网点？
0,jiangsu.txt,同时该层数指的是否是该建筑的自然层数？
0,jiangsu.txt,否可以作为疏散门？
0,jiangsu.txt,商业综合体中设置的餐饮场所，其规模如何确定？
0,jiangsu.txt,商业综合体内中庭可否设置经营柜台或者举办活动场所？
0,jiangsu.txt,固定座位场所以外配套的走道等区域是否要计算疏散人数？
0,jiangsu.txt,地下建筑的疏散楼梯间与地上建筑不共用，其首层部分的防火分区是否归属于地下建筑？
0,jiangsu.txt,夹层的最大允许面积有没有相应限制？
0,jiangsu.txt,如下图：1.2.4.4 当住宅内天井外侧遮挡物超过 20%，不能满足《住宅设计标准》DB32/3920-2020第 8.8.1.1-2 款规定时，天井内的窗都设置为乙级防火窗，是否可以？
0,jiangsu.txt,如不满足疏散距离要求，可否借用开向地下其他防火分区的甲级防火门或户内天井设置的通向室外地面的垂直爬梯作为第二个疏散出口？
0,jiangsu.txt,如小型儿童培训机构、托育中心、修脚店等可否设置在商业服务网点内？
0,jiangsu.txt,如建筑内每层或分层设置的强电间、弱电间，是否需按《建规》第 6.2.7 条设置防火隔墙和甲级防火门？
0,jiangsu.txt,如房间、厅、室内有一个疏散楼梯间，该房间的疏散门是否可以直接开向疏散楼梯间或前室？
0,jiangsu.txt,如房间设置了大面积的玻璃门（如办公场所、商业店铺等），是否可以定性为有窗房间？
0,jiangsu.txt,如果一层住户不满足两个安全出口的要求，是否可以？
0,jiangsu.txt,如果可以，疏散距离如何确定？
0,jiangsu.txt,如果可以，那么二层是否违反大于 100m2 要 2 个出口（2 部楼梯）的规定？
0,jiangsu.txt,如果该楼梯在地面完全敞开或有顶盖无围护结构，防火间距如何控制？
0,jiangsu.txt,如果连廊中设置卫生间，具有使用功能，需将该“连廊”划入相连接建筑???_221.3.1.5 附建在民用建筑下部的地下室，其位于主体建筑范围之外的出地面楼梯间与建筑之间的防火间距如何控制？
0,jiangsu.txt,如某些建筑层高很高，四层建筑高度已经接近 24.0m，是否在其顶层最高部位设置面积不小于 2.0m2 的可开启外窗或开口，即可符合规范要求？
0,jiangsu.txt,如设置防火卷帘，中庭部位的面积是否需要加入周围防火分区面积？
0,jiangsu.txt,如需要，中庭部位是否需要考虑人员疏散问题？
0,jiangsu.txt,安全疏散如何考虑？
0,jiangsu.txt,实际工程中是否可按此执行，特别是商业建筑，可避免中庭设置大量卷帘构造柱？
0,jiangsu.txt,实际工程中，其内部装修材料的燃烧性能是否还可以根据《建筑内部装修设计防火规范》（GB50222-2017）的要求降低？
0,jiangsu.txt,实验所用材料种类繁多，如何判定是否属于危险化学品？
0,jiangsu.txt,室内最远点至最近出口的疏散距离有没有规定？
0,jiangsu.txt,宿舍部分的楼梯是否需要与底部的餐厅分开？
0,jiangsu.txt,对于升出地下室顶板的机械排烟井、进风井是否需要执行此要求？
0,jiangsu.txt,对于工艺上无法与其他部分完全分隔的甲、乙类工段，如何处理？
0,jiangsu.txt,对于此类问题如何解决？
0,jiangsu.txt,对于立面采用幕墙的建筑，为了保持建筑的整体效果，避难区对应位置的幕墙内侧增加一道实体墙是否可以？
0,jiangsu.txt,将一层户型的阳台门作为第二个安全出口，是否可以？
0,jiangsu.txt,小型百货商店、教育培训机构、无治疗功能的休养性质的月子护理中心、教学实训楼、保龄球馆、台球、棒球、飞镖、真人 CS、密室逃生、蹦床、美容院、体检中心、SPA(无公共浴池）、电竞酒店、室内卡丁车场等按照什么功能进行技术审查？
0,jiangsu.txt,库房是否可以与其他库房、办公等合建？
0,jiangsu.txt,建筑之间的连廊是否可以封闭？
0,jiangsu.txt,当上述避难间场所设置机械加压送风时，是否还应设可开启外窗？
0,jiangsu.txt,当丙2类作业型物流建筑层高超过6m，且设有自动喷水灭火系统时，其任一点至安全出口的最大疏散距离不应超过规定值的1.25倍”，此类疏散距离1.25倍是否适用于高层丙2类作业型物流建筑？
0,jiangsu.txt,当其设置自动灭火系统时可增加1.0 倍，即 2000 m2？
0,jiangsu.txt,当前许多经营白酒的商场、超市及商业门市是否执行此条？
0,jiangsu.txt,当办公室、休息室设置在丙、丁类厂房内时，该区域有一个独立的安全出口，另一个安全出口是否可以利用车间区域进行疏散吗？
0,jiangsu.txt,当防火卷帘的耐火极限满足要求的情况下，是否可以使用单联单轨防火卷帘？
0,jiangsu.txt,房间内嵌套房间内隔墙防火性能如何考虑？
0,jiangsu.txt,是否只需要在厂区主入口设置？
0,jiangsu.txt,是否可仅设机动车升降梯不设汽车疏散坡道？
0,jiangsu.txt,是否可以按每间独立经营的店铺（尤其是独立分割销售的店铺）面积分别确定规模计算？
0,jiangsu.txt,是否可以有一个最小宽度限定，如以一股人流不小于 0.55m 控制？
0,jiangsu.txt,是否可以设置防火卷帘？
0,jiangsu.txt,是否和儿童等疏散专用楼梯间一样，不允许其他楼层疏散进入？
0,jiangsu.txt,是否需要设置环形？
0,jiangsu.txt,最高部位如何界定？
0,jiangsu.txt,有的检修平台平常使用人员很少，是否仍要按照《建规》第 3.7.5 条要求的疏散楼梯的最小净宽度不宜小于 1.1m 进行控制？
0,jiangsu.txt,标准层穿过消防电梯前室再到楼梯间前室的做法，是否可行？
0,jiangsu.txt,案例：一栋占地面积 290m2 的二层仓库，是否可一个安全出口，即 1 部楼梯？
0,jiangsu.txt,此处的防火墙上是否可以开设甲级防火门、窗洞口？
0,jiangsu.txt,此时，户门至安全出口的距离，应计算到楼梯间门还是通向连廊的门？
0,jiangsu.txt,此条中未提及梁柱耐火极限，该如何确定？
0,jiangsu.txt,此部分门窗洞口与其他门窗洞口的水平距离是否按《建规》第6.1.3、6.1.4条？
0,jiangsu.txt,此门是否可采用普通门？
0,jiangsu.txt,民用建筑之间采用设有卫生间的连廊联系，该出口是否可作为安全出口？
0,jiangsu.txt,消防车登高操作场地在楼梯对应立面，如下图所示在底层设置通道是否符合要求？
0,jiangsu.txt,消防车的场地承载力应如何取值？
0,jiangsu.txt,满足进深尺寸的位置是否一定要正对消防电梯前室，在前室较大的情况下，是否可以稍微错开一点区域，如图红线区域不满足，绿线区域满足，是否可以认定为满足规范？
0,jiangsu.txt,满足防火间距要求的相邻建筑通过封闭或非封闭连廊连接时，开向连廊的门是否可作为第二安全出口？
0,jiangsu.txt,现在越来越多的设计中大量使用“厂房内的操作平台、检修平台”这一概念，这些平台全部支撑在主体结构的梁柱上，面积大，理由均是仅供操作和检修使用，人员不超过 10 人，从而不计入防火分区面积且不做必要的安全疏散，这样的理解是否正确？
0,jiangsu.txt,现实中为了方便业主进出需要，物业会换成透明玻璃门，是否满足消防要求？
0,jiangsu.txt,疏散走道就必须两侧设墙吗（特别是大空间的情况下）？
0,jiangsu.txt,疏散距离是否需要考虑？
0,jiangsu.txt,第 5.5.12 条注中注明“当裙房与高层建筑主体之间设置防火墙时，裙D30房的疏散楼梯可按本规范有关单、多层建筑的要求确定”，此时裙房的防火分区面积、人员疏散距离和每百人宽度指标等可否按单、多层建筑的要求计算？
0,jiangsu.txt,答：《建规》第 5.4.12、5.4.13 是针对民用建筑内布置的一些具有较高火灾危险性的设备用房的防火要求，如：燃油或燃气锅炉、油浸变压器室、充有可燃油的高压电容??否为丁类？
0,jiangsu.txt,答：不同防火分区原则上不应合用同一座疏散楼梯间，确有困难需要合用时，应25符合以下要求：1）合用的防火分区不应超过 2 个；2）合用的两个防火分区分别有 2 个及以上安全出口；合用的楼梯间应采用防烟楼梯间，且两个防火分区应分别设置前室，前室之间应采用无门、窗、洞口的防火墙分隔；1.3.2.7 目前，托育机构的消防设计参照的标准是“托儿所”要求还是参照“儿童活动场所”的要求？
0,jiangsu.txt,答：与“居家养老服务用房”最接近的概念是《老年人照料设施建筑设计标准》181.2.4.9 消防电梯井、机房与相邻消防电梯井、机房之间是否可以不做分隔？
0,jiangsu.txt,答：当局部高出屋面的车间或工艺设备用房满足《建规》第 3.7.2 条第 3 款，“丙1.3.5 《建规》第 3.8.2 条的规定：“仓库内每个防火分区通向疏散走道、楼梯或室外的出口不宜少于 2 个，当防火分区的建筑面积不大于 100m2 时，可设置 1 个出口”，这里出口是特指安全出口（供人员安全疏散用的楼梯间和室外楼梯的出入口或直通室内外安全区域的出口），还是可以包括通向公共疏散走道（几个防火分区共用，类似避难走道）的疏散出口？
0,jiangsu.txt,答：（1）《科研建筑设计标准》JGJ91-2019 第 3.2.5 条规定的“居住生活配套用房”是指住宅、公寓、宿舍、食堂等，咖啡店、简餐、超市、文印、银行网点等小型营业性用房可设置在使用或储存有危险化学品的科研建筑的底部楼层；（2）科研建筑中的实验室日常使用少量甲、乙类气体的储藏间，应满足以下要??饮场所的部分执行本规定？
0,jiangsu.txt,若住宅外轮廓有凹槽，4.00m 是从突出的楼梯间外墙计算还是从疏散连廊计算？
0,jiangsu.txt,若房间满足设置 1 个疏散门的条件，那么房间实际的两个开门是否仍旧需要满足疏散距离的要求？
0,jiangsu.txt,若消防电梯前室与敞开连廊合为一个合用前室，住宅户门至楼梯间的门是否有距离控制要求？
0,jiangsu.txt,袋型走道最远端是否也要满足第 5.5.17 条的规定？
0,jiangsu.txt,裙房与主体间采用防火墙和甲级防火门进行防火分隔，甲级防火门只作为交通使用且裙房的疏散独立时，裙房疏散楼梯是否可以不设置防烟楼梯间？
0,jiangsu.txt,该厂房火灾危险性是否为丁类？
0,jiangsu.txt,该处的独立设置，是否为地下室的楼梯完全分开？
0,jiangsu.txt,该类场所需要设置一个独立安全出口即可还是所有安全出口均需独立？
0,jiangsu.txt,该门是否可以为普通门？
0,jiangsu.txt,该门的净宽有何要求？
0,jiangsu.txt,走道上房间的疏散门数量经计算不少于 2 个时，2 个疏散门是否全部都要满足疏散距离的要求？
0,jiangsu.txt,车间管理办公的独立楼梯间丙楼梯是否允许其他楼层的车间疏散人员进入？
0,jiangsu.txt,还是可按室外台阶？
0,jiangsu.txt,还是需要以防火分区形式进行分隔？
0,jiangsu.txt,这 15m 必须是两边设墙的走道吗？
0,jiangsu.txt,这样设置是否可行？
0,jiangsu.txt,连廊的最小宽度是否有要求？
0,jiangsu.txt,通过通向天桥、连廊的出口向另一座建筑疏散时，该出口可作为安全出口计入疏散宽度，且另一座建筑无需增加此部分人员的疏散宽度吗？
0,jiangsu.txt,那么此类情况玻璃隔断的耐火极限如何确定，是否需要提高等级？
0,jiangsu.txt,那么，这个只起到装饰性作用的围护部分，需要控制在多少比例才能不影响“室外走道”，这个如何界定？
0,jiangsu.txt,问题（2）：规范要求独立的安全出口，是否是独立的楼梯间？
0,jiangsu.txt,问：大小扇双扇防火门，小扇门闭门器不好实施该做如何要求？
0,jiangsu.txt,问：当建筑高度大于 32m，但任一层人数不超过 10 人的厂房，是否要设置防烟楼梯间？
0,jiangsu.txt,防火分区防火门和设置门禁的门在建筑设计中能否分开设置？
0,jiangsu.txt,防火墙上是否不宜开设门洞，当开门洞时是否应为甲级防火门或特级防火卷帘？
0,jiangsu.txt,高层公共建筑上下各自独立，功能互不连通，各自独立设置的疏散楼梯形式等是否可根据其各自高度执行相应标准？
0,jiangsu.txt,高层旅馆建筑通常由客房部分的塔楼和餐饮、休闲等功能的裙房组成，在裙房未与塔高层完全分隔的情况下，除第 5.5.17-4 款的功能外，裙房其他功能或区域是否按照高层旅馆建筑 30m、15m 控制？
0,jiangsu.txt,（在首层楼梯平台下设置是否可行？
0,jiangsu.txt,）如可开启外窗无法设置于首层最高部位，是否需要设置机械加压送风系统？
0,nanning.txt,?813.1.17加压送风机是否可以与补风机合用机房，加压送风机或补风机是否可以与其他平时使用的通风机、空调机合用机房？
0,nanning.txt,?853.2.4 水泵房、变配电室、制冷机房、柴油发电机房、储油间等设备用房是否需要设置排烟设施？
0,nanning.txt,522.1.12风机房、弱电机房、水泵房、生活水箱间、消防稳压设备间等屋顶设备房是否应设置室内消火栓进行保护？
0,nanning.txt,642.3.6 对于汽车库，能否将消火栓箱布置在柱子背面？
0,nanning.txt,58图 2.2.3-1 消防水池水位示意图2.2.4 《消防给水及消火栓系统技术规范》GB 50974-2014 第6.1.10 条中的“仅采用稳压泵稳压”是指何种系统？
0,nanning.txt,1.1.10歌舞娱乐放映游艺场所内设置配套营业用房应按何要求进行防火设计？
0,nanning.txt,1.1.2 对于既有项目进行改造，例如因为开设楼板洞口、增设自动扶梯、增设中庭等设计改动行为，而造成原设计的防火分区产生分隔和面积变动的所有建筑防火分区，应按何要求进行防火设计？
0,nanning.txt,1.1.4 对建筑上部进行的加层改建，应按何要求进行防火设计？
0,nanning.txt,1.1.5 因扩建而增加建筑局部面积，如局部增设夹层、封堵中庭洞口等，造成原有防火分区分隔和面积变动的情况下，应按何要求进行防火设计？
0,nanning.txt,1.1.6 根据《建规》第 1.0.3 条本规范不适用于火药、炸药及其制品厂房（仓库）、花炮厂房（仓库）的建筑防火设计，则对民用爆破器材工程和烟花爆竹工程的建筑内部工艺与布置、危险品储存与运输等设计内容则应按何要求进行防火设计？
0,nanning.txt,1.1.7 公寓式办公楼、公寓式酒店、公寓式住宅等其他类型公寓应按何要求进行防火设计？
0,nanning.txt,1.1.8 无治疗功能的休养性质月子护理中心应按何要求进行防火设计？
0,nanning.txt,1.1.9 教学的实训楼应按何要求进行防火设计？
0,nanning.txt,1.2.2 什么是人员密集的厂房？
0,nanning.txt,1.2.3 汽车 4S 店的车辆销售区、维修区和停放区等组合或贴邻建造时，应符合哪些规定？
0,nanning.txt,1.2.4 设置在住宅建筑中的一、二层的物业管理、居委会、社区活动站等住宅配套用房能定义为商业服务网点吗？
0,nanning.txt,1.2.6 儿童活动场所的判定标准？
0,nanning.txt,1.2建筑分类和定义1.2.1 木器厂房的定义是什么？
0,nanning.txt,1.3.3 电动自行车与建筑之间的防火距离如何确定？
0,nanning.txt,1.3.4 高层公共建筑，如何确定属于同一防火分区回字形主楼两翼之间的防火间距？
0,nanning.txt,1.4.2 自动扶梯、敞开楼梯、大堂、门厅等上、下层连通的开口是否可参照中庭要求设防火卷帘分隔？
0,nanning.txt,1.4.3 地下商业与汽车库之间如何做防火分隔？
0,nanning.txt,1.4.4 下沉式广场的回廊是否需要计算防火分区面积？
0,nanning.txt,1.4.5 建筑之间设置连廊或天桥时，应符合哪些要求？
0,nanning.txt,1.4.6 消防水池可以不计算防火分区面积吗？
0,nanning.txt,1.5.2 剧场、电影院、礼堂与其他区域如何做防火分隔？
0,nanning.txt,1.5.3 高层民用建筑中的实验室日常使用的少量甲、乙类气体的储藏间如何设置？
0,nanning.txt,1.5.4 地下汽车库与托儿所、幼儿园、中小学校的教学楼、老年人建筑、病房楼等组合建造时应采取哪些防火分隔措施？
0,nanning.txt,1.6.12建筑内相邻两个防火分区可否共用疏散楼梯作为各自的安全出口？
0,nanning.txt,1.6.14非机动车库的安全出口可否利用车辆出入口？
0,nanning.txt,1.6.15建筑内的观众厅、展览厅、多功能厅、餐厅、营业厅等的疏散距离可否按《建规》第 5.5.17 条第 3 款规定执行？
0,nanning.txt,1.6.16 如何确定商店营业厅的人员密度值？
0,nanning.txt,1.6.17 如何确定附建在商业建筑内的餐饮场所的营业面积和疏散人数？
0,nanning.txt,1.6.18 如何确定电影院疏散人数？
0,nanning.txt,1.6.2 疏散到架空层的出口是否视为直通室外？
0,nanning.txt,1.6.21住宅户门的开启方向是否不限？
0,nanning.txt,1.6.22住宅户内救援房间的门窗有何具体要求？
0,nanning.txt,1.6.23住宅疏散楼梯间、前室及合用前室外墙上的窗口与住户阳台是否有距离要求？
0,nanning.txt,1.6.6 疏散楼梯间、前室或合用前室、普通电梯机房、消防控制室直接开向室外或室外平台的疏散门可否采用普通门？
0,nanning.txt,1.6.8 （1）新建汽车库内集中布置的充电设施区防火单元最大允许建筑面积是多少？
0,nanning.txt,1.6安全疏散一般规定1.6.1 当层数超过 4 层的多层及高层、超高层建筑采用扩大的封闭楼梯间或防烟楼梯间前室时，直通室外的门与楼梯间的距离应该如何控制？
0,nanning.txt,1.7.4 不靠外墙设置的楼梯间，设置机械加压送风系统时，其顶部开向室外的 1 O的固定窗如何设置？
0,nanning.txt,1.7.5 民用建筑可以设置不规则型的防火卷帘吗？
0,nanning.txt,1.7.6 采用自然通风方式的楼梯间、前室，其设置的可开启外窗面积如何理解？
0,nanning.txt,1.7.7 民用建筑是否可以采用子母式防火门？
0,nanning.txt,1.7.8 附设在建筑内的消防控制室、灭火设备室、消防水泵房和通风空气调节机房、变配电室等的外墙开口与相邻其他用房间的外墙开口之间的窗间墙宽度是否有要求？
0,nanning.txt,1.7建筑构造1.7.1 建筑屋面和地下室顶板上的开口与上部建筑距离如何控制？
0,nanning.txt,1.8.10 高层建筑裙房商业部分是否需要设置独立的消防电梯？
0,nanning.txt,1.8.3 消防车是否可利用不规则（T 字形，Y 字形等）的场地作为消防回车场地？
0,nanning.txt,1.8.8 消防救援口设置的部位有何要求？
0,nanning.txt,1.8灭火救援1.8.1 消防车道转弯半径应如何设计？
0,nanning.txt,1.9.10普通电梯轿厢内的装修材料能否使用难燃材料（如木饰面、地毯）？
0,nanning.txt,1.9.11防火门、疏散门、安全出入口能否设置门禁？
0,nanning.txt,1.9.3 燃烧性能为 B1 级的装修材料，安装于金属龙骨上时是否可以作为 A 级装修材料使用？
0,nanning.txt,1.9.5 中庭的回廊装修材料燃烧性能等级有什么要求？
0,nanning.txt,1.9.6 电影院的台阶能否使用阻燃板等难燃材料，耐火极限是否按照《建规》中疏散楼梯和楼板的要求？
0,nanning.txt,1.9.7 汗蒸、洗浴房的防火设计是否要按照歌舞娱乐放映游艺场所的相关要求？
0,nanning.txt,1.9.9 室内新建的钢结构疏散楼梯能否采用喷涂（抹涂）防火涂料的防火措施？
0,nanning.txt,1.9建筑装饰装修材料1.9.1 可燃材料如木龙骨等能否在施工现场经防火处理后，作为难燃材料使用？
0,nanning.txt,1003.4.2 商业服务网点设置的排油烟水平风管，其穿越商业服务网点之间的防火隔墙处是否需要设置防火阀？
0,nanning.txt,112（3）无自动报警系统和消控室，消火栓泵供水的消火栓是否需要设置消火栓按钮？
0,nanning.txt,131.5 平面布置1.5.1  民用建筑附属库房如何控制面积规模？
0,nanning.txt,2.1.11高层公共建筑的卫生间、水泵房、风机房等是否应设置自动喷水灭火系统？
0,nanning.txt,2.1.13何种民用建筑的变配电所需要设置自动灭火系统？
0,nanning.txt,2.1.14餐饮场所的厨房的灶台位置是否需设置自动灭火装置？
0,nanning.txt,2.1.16《消防给水及消火栓系统技术规范》GB 50974-2014 第3.3.2 条以及第 3.5.2 条所提及的“地下建筑”如何界定？
0,nanning.txt,2.1.18消防水池连续补水需满足两路消防给水的条件如何界定？
0,nanning.txt,2.1.19片区（或街区）的市政给水管网为环状,但引入小区的消防给水管网为枝状，或者小区的消防给水管网从市政枝状给水管网上引入时，高层民用建筑的火灾延续时间是否仍可仅按《消56防给水及消火栓系统技术规范》GB50974-2014 第 3.6.2 条的规定执行？
0,nanning.txt,2.1.2 消防控制室是否可不设置自动灭火系统？
0,nanning.txt,2.1.20《消防给水及消火栓系统技术规范》GB 50974-2014 第3.6.2 条所规定的高级宾馆是指何种宾馆，是否仅包含高层的高级宾馆？
0,nanning.txt,2.1.3 高层住宅首层及二层设置了物业用房、社区活动中心等配套用房时，火灾延续时间如何取值？
0,nanning.txt,2.1.5 总建筑面积大于 3000m2的学校、企业事业单位的食堂是否应设置自动喷水灭火系统？
0,nanning.txt,2.1.6 《消防给水及消火栓系统技术规范》GB 50974-2014 第3.5.3 条自动喷水灭火系统全保护如何界定？
0,nanning.txt,2.1.8 对于装修项目，在不改动原建筑使用功能和用途、防火分区等的情况下，消防给水系统是否需按新标准执行？
0,nanning.txt,2.1.9 《消防给水及消火栓系统技术规范》GB 50974-2014 第3.6.2条中的综合楼如何定义？
0,nanning.txt,2.2.10 附设在建筑内的消防水泵房，其地面标高是否可低于该层地面标高？
0,nanning.txt,2.2.11 一体化消防泵房（埋地）不宜在哪些项目使用？
0,nanning.txt,2.2.2 消防水箱进水管口最低点高出溢流边缘的空气间隙是执行《消防给水及消火栓系统技术规范》GB 50974-2014 还是《建筑给水排水与节水通用规范》GB 55020-2021 的相关规定？
0,nanning.txt,2.2.3 《消防给水及消火栓系统技术规范》GB 50974-2014 第4.3.9 条中，消防水池最高和最低报警水位如何确定？
0,nanning.txt,2.2.5 采用局部应用系统的自动喷水灭火系统能否采用一路市政供水？
0,nanning.txt,2.2.6 临时高压消防给水系统向多栋建筑供水时，消防水泵接合器在每座建筑附件就近设置，就近的距离如何界定？
0,nanning.txt,2.2.7 消防水泵的试水管是否能接到消防水泵出水干管上的止回阀之前？
0,nanning.txt,2.2消防水源以及供水设施2.2.1 《消防给水及消火栓系统技术规范》GB 50974-2014 第11.0.4 条所列的启泵方式，消防给水系统是否均应设置？
0,nanning.txt,2.3 消火栓系统2.3.1 室外消防采用临时高压给水系统时，是否需要设置稳压设施？
0,nanning.txt,2.3.2 室内消火栓系统是否还允许采用双栓的设计？
0,nanning.txt,2.3.4 当高层住宅建筑的室内消火栓箱内配置了消防软管卷盘时，住宅户内是否可不设置轻便消防水龙？
0,nanning.txt,2.3.5 按 2 支消防水枪的两股充实水柱布置的建筑物，规范规定消火栓布置间距不应大于30m，有些情况中间不宜布置消火栓，是否在周边布置消火栓满足两股水柱到达任何地方就可以，是否可以以保护覆盖为准，不一定非得满足间距不超过 30m？
0,nanning.txt,2.4.2 民用建筑的楼梯间平台处是否布置喷头？
0,nanning.txt,2.4.3 装设通透性吊顶的场所，当通透面积占吊顶总面积的比例小于等于 70%时，喷头如何布置？
0,nanning.txt,2.4.4 高层公共建筑的自动扶梯是否应设置自动喷水灭火系统？
0,nanning.txt,2.4.5 住宅小区在室外独立建设的电动自行车棚，当设置简易自动喷水灭火系统时是否可不设置湿式报警阀？
0,nanning.txt,2.4.6 采用防护冷却系统保护玻璃时，喷头是否要考虑集热？
0,nanning.txt,2.5.2 建筑内的变配电房等设备用房是否能采用自动干粉灭火系统？
0,nanning.txt,2.5.3 对于档案库房,《细水雾灭火系统技术规范》GB50898-2013 第 3.4.5 条的防护区是指单个房间还是同一层？
0,nanning.txt,2.5.4 自动喷水灭火系统的末端试水装置以及末端试水阀的排H69水是否能排入地漏、排水沟以及卫生器具中？
0,nanning.txt,2.5.5 消防电梯集水坑的有效容积是否需满足最大一台排水泵5min 的出水量？
0,nanning.txt,2.5其他灭火系统、灭火器以及消防排水2.5.1 新建汽车库的灭火器的设计参数如何选取？
0,nanning.txt,21.1.3 对原有建筑进行扩建，应按何要求进行防火设计？
0,nanning.txt,211.6.11商业服务网点的分隔单元内可否采用敞开楼梯？
0,nanning.txt,3.1.10如何理解楼梯间 “最高部位”或“顶部”的窗？
0,nanning.txt,3.1.13机械加压送风系统和排烟系统竖向分段设置时，每段高度不超过 100m，其中的“每段高度”如何理解？
0,nanning.txt,3.1.14 公共建筑中消防用电仅有应急照明负荷（一级或二级负荷），变电所在建筑外，此应急照明的供电电源是否可以从两台普通电源箱各引来一路电源，末端切换？
0,nanning.txt,3.1.14《防排烟标准》第 3.3.4 条，当建筑条件限制，且地下部分为汽车库或设备用房时，设置机械加压送风系统的楼梯间的地上部分与地下部分可共用加压送风系统，当地下部分为非机动车库时，是否可参照该条执行？
0,nanning.txt,3.1.15加压、补风系统进风口与排烟系统排烟出口是否可以设置在架空层内？
0,nanning.txt,3.1.18地下室车库使用的补风井、排烟井是否可以采用土建井道？
0,nanning.txt,3.1.19当水平设置的加压送风管穿越防火分区或穿越楼梯间、前室区域时，其耐火极限有何要求？
0,nanning.txt,3.1.20对于住宅建筑的前室，计算加压送风量时一层内开启门的截面积 Ak 如何确定？
0,nanning.txt,3.1.21计算加压送风量时，前室的 N1 如何确定？
0,nanning.txt,3.1.22各楼层开向前室的门大小、数量不同时，如何计算前室的加压送风量？
0,nanning.txt,3.1.23对于各类前室，计算加压送风量时，前室直接开向室外或其他安全区域的门的截面积是否计入 Ak？
0,nanning.txt,3.1.24封闭楼梯间的门洞断面风速 v 如何确定？
0,nanning.txt,3.1.25高层病房楼和老年人照料设施的避难间，当用竖向集中加压送风系统时，是否可以采用常开送风口？
0,nanning.txt,3.1.3 当前室（独立前室、共用前室及合用前室）设置机械加压送风系统，楼梯间采用自然通风系统时，加压送风口是否需要正对前室入口或者设置在前室入口门顶正上方？
0,nanning.txt,3.1.5 地下、半地下建筑（室）的封闭楼梯间不与地上楼梯间共用且地下仅为一层，设置了直通室外的疏散门时，该封闭楼梯间可不设置机械加压送风系统，该疏散门是否可以是防火门？
0,nanning.txt,3.1.6  设置了机械加压送风系统的地下、半地下建筑（室）的楼梯间，在一层设置了直通室外的疏散门，是否还需要在该楼梯间顶部设置不小于 1 O的固定窗？
0,nanning.txt,3.1.7  什么情况下前室加压送风口可以采用常开型的？
0,nanning.txt,3.1.8 同一个避难走道的多个前室是否可以合用一个机械加压送风系统？
0,nanning.txt,3.1.9 对于地下、半地下建筑（室）的封闭楼梯间、防烟楼梯间，是否适用《防排烟标准》第 3.2.1 条规定？
0,nanning.txt,3.2.10地铁和轻轨交通工程、物流建筑的排烟量如何计算？
0,nanning.txt,3.2.11住宅下部两层的商业服务网点，当其建筑面积（一、二层建筑面积之和）大于 100 O需要?1034.1.3  如果发电机用油量大于 1m3,储油间该如何设置？
0,nanning.txt,3.2.11住宅下部两层的商业服务网点，当其建筑面积（一、二层建筑面积之和）大于 100 O需要设置排烟设施时，一、二层是否可以合并考虑在二层排烟？
0,nanning.txt,3.2.13汽车库防烟分区的长边最大允许长度是否有要求？
0,nanning.txt,3.2.14局部宽度加宽的走道，其防烟分区长边长度如何控制？
0,nanning.txt,3.2.15如何计算走道、回廊的防烟分区长边长度？
0,nanning.txt,3.2.17对于不能沿建筑物两条对边设置自然排烟窗（口）的厂房、仓库，是否可以采用自然排烟方式？
0,nanning.txt,3.2.18设置在钢结构厂房和体育馆等钢结构体系屋顶的排烟?90风机采用室外专用的屋顶式消防排烟风机进行排烟时，是否可以不再设置专用的排烟机房？
0,nanning.txt,3.2.19如何实现风管的耐火极限要求？
0,nanning.txt,3.2.2 人员或可燃物较多的丙类生产场所，不论面积大小是否都需要设置排烟设施？
0,nanning.txt,3.2.20竖向设置的排烟管道，当管道井内仅为排烟管道时，其耐火极限有何要求？
0,nanning.txt,3.2.21《防排烟标准》第 4.4.12 条第 2 款中的“走道、空间91净高不大于 3m 的区域”如何理解？
0,nanning.txt,3.2.22对于走道、空间净高不大于 3m 的区域，设置挡烟垂壁时，其底部距地最小高度是多少？
0,nanning.txt,3.2.23对于走道、空间净高不大于 3m 的区域，机械排烟系统的排烟口若按单个排烟口最大排烟量，风口数量较多，如何处理？
0,nanning.txt,3.2.24对于敞开式外廊是否还需要划分防烟分区？
0,nanning.txt,3.2.25工业建筑采用自然排烟时，防烟分区内任一点与最近的自然排烟窗（口）之间的水平距离如何确定？
0,nanning.txt,3.2.26净空高度大于 9m 的中庭、建筑面积大于 2000 O的营业厅、展览厅、多功能厅等场所，手动开启装置如何集中设置？
0,nanning.txt,3.2.27设置了排烟口的地下或半地下建筑（室）房间是否需要设置补风系统？
0,nanning.txt,3.2.28对于屋顶（或顶棚）形状不规则以及阶梯式地面的场所，其空间净高如何确定？
0,nanning.txt,3.2.3 建筑面积大于 5000 O的丁类生产车间应设置排烟设施，相关辅助用房是否包含在 5000 O内？
0,nanning.txt,3.2.31电影院的观众厅、剧院（音乐厅）的观众厅的排烟量如何计算？
0,nanning.txt,3.2.32对于公共建筑和工业建筑中的空间净高大于 6m 的场所（不含中庭），其每个防烟分区的排烟量是否可以按《防排烟标准》第 4.6.6 条～第 4.6.13 条的相关规定计算确定？
0,nanning.txt,3.2.33设置水炮系统的场所是否可以按照有喷淋的情况计算排烟量？
0,nanning.txt,3.2.34《防排烟标准》第 4.6.3 条第 3 款中所述的走道的两侧，如何理解？
0,nanning.txt,3.2.35《防排烟标准》第 4.6.3 条第 3 款中所述设置面积不小于 2 O的自然排烟窗（口）是否要求为其有效面积？
0,nanning.txt,3.2.36对于贯通空间(楼面开口,含中庭回廊)最大投影面积小于或等于 200 O的中庭，以及建筑面积小于或等于 300 O、净高大于 6m 且二层或二层以上没有与其连通（即利用实墙、防火卷帘或防火玻璃进行分隔）的周边场所或回廊的门厅，按《防排烟标准》相关规定计算排烟量过大，排烟系统设计困难，如何考虑？
0,nanning.txt,3.2.37如何理解《防排烟标准》第 4.6.4 条中用于排烟量计算的“相同净高”与“不同净高”？
0,nanning.txt,3.2.38负担两个及以上防烟分区的排烟系统，当火灾确认后，仅打开着火防烟分区的排烟阀（口），此时该着火防烟分区的排烟支管及排烟口对应的风速可能会超过风速上限，如何处理？
0,nanning.txt,3.2.5 冷库的冷间（含冻结间和冷藏间等）是否需要设置排烟设施？
0,nanning.txt,3.2.6 设置气体灭火系统、细水雾灭火系统、干粉灭火系统的场所（防护区），是否还需要设置排烟设施？
0,nanning.txt,3.2.7 《建规》第 8.5.4 条中的“无窗房间”如何理解？
0,nanning.txt,3.2.8 无疏散要求、无其他使用功能且周边采取了防火卷帘分 10m 时）的封闭楼梯间和防烟楼梯间，当首层设置面积不小于2O的可开?86隔的敞开楼梯、自动扶梯区域是否需要设置排烟设施？
0,nanning.txt,3.2.9 医院建筑中建筑面积不大于 100 O的洁净房间（如手术室等），是否可以通过与该房间相通的走道进行排烟？
0,nanning.txt,3.2排烟系统3.2.1 同一空间是否可以采用不同的排烟方式？
0,nanning.txt,3.3.2 防排烟系统中需要在消防控制设备上显示启闭状态的阀门是指哪些？
0,nanning.txt,3.3.3 《防排烟标准》第 4.4.10 条所述部位设置的排烟防火阀?烟分区的排烟量是否可以按《防排烟标准》第 4.6.6 条～第 4.6.13 条的相关规定计算确定？
0,nanning.txt,3.3系统控制3.3.1 机械加压送风系统是否必须设有测压装置和风压调节装置？
0,nanning.txt,3.4.3 对于仅在应急时投入运行的民用建筑附建的柴油发电机房，其储油间通风系统的通风设备是否选用防爆型？
0,nanning.txt,3.4.4 汽车库同一防火分区内不同防烟分区独立设置排烟系统时，一个防烟分区的排烟管穿越另一个防烟分区时，穿越处是否需要设置排烟防火阀？
0,nanning.txt,3.4.5平时消防两用的高低速消防风机（512.1.10设置集中新风管道的多联机空调系统且总建筑面积大于 3000m2的多层办公建筑是否设置自动喷水灭火系统？
0,nanning.txt,3.4.6 风管穿越电梯机房、配电间等设备用房的外墙时是否还需要设置防火阀？
0,nanning.txt,3.4.7 防排烟系统中的加压送风口、排烟口、排烟防火阀、送（补）风机、排烟风机、固定窗、风管、风机房、控制柜、挡烟垂壁、手动执行机构等如何设置明显永久标识？
0,nanning.txt,3.4其他3.4.1 设置电动汽车分散充电设施的地下电动汽车库，其排烟系统如何设置？
0,nanning.txt,3.5.7 消防负荷为二级负荷，但按规范无需设置火灾自动报警系统的项目，应急照明采用非集中控制型，电源引自同防火分区的正常照明配电箱，应急照明的集中电源或灯具自带的蓄电池是否可以作为第二路电源？
0,nanning.txt,4.1 配电及控制4.1.1  消防负荷是否一定要使用矿物绝缘电缆？
0,nanning.txt,4.1.10 消防水泵是否需设自动巡检装置？
0,nanning.txt,4.1.2  民用建筑中发电机房内的电气设备是否需要按爆炸危险环境进行电气设计？
0,nanning.txt,4.1.4  柴油机消防水泵是否需要双回路供电并末端切换？
0,nanning.txt,4.1.5  如何划分配电线路的干线和支线？
0,nanning.txt,4.1.6  消防设备总配电箱的干线的断路器如何选择？
0,nanning.txt,4.1.7  能否利用消防风机房兼做各防火分区配电小间？
0,nanning.txt,4.1.8  除消防电梯、水泵房以外的排水泵是否按消防负荷供电？
0,nanning.txt,4.1.9  消防控制箱应设置在何处？
0,nanning.txt,4.2 消防应急照明和疏散指示系统1064.2.1  单体建筑未设置火灾自动报警系统，但园区内其他建筑设有消防控制室，应急照明采用集中控制还是非集中控制？
0,nanning.txt,4.2.10 既有建筑的应急照明系统按旧规设计，改扩建或装修是否需要按应《消防应急照明和疏散指示系统技术标准》 GB51309-2018 和《民用建筑电气设计标准》GB51348-2019 执行？
0,nanning.txt,4.2.11 住宅应急照明能否兼用日常照明？
0,nanning.txt,4.2.12 《建规》第 6.4.4 条第 3 款要求“建筑的地下部分与地上部分共用楼梯间时，应设置明显的标志”，“明显标志”是否一定要为灯光标志？
0,nanning.txt,4.2.2  地下室防火单元连通门附近的疏散指示灯该如何设置？
0,nanning.txt,4.2.26 地上大于 50m2小于 100 O的暗房间有直接对室外的外门，是否需要排烟？
0,nanning.txt,4.2.27 商业扶梯开洞，上下贯通区域，是51.1.11室内装修工程全部都要按现行防火设计标准设计吗？
0,nanning.txt,4.2.33 公共建筑、工业建筑中空间净高大于 6m 场所（不含中庭）通过计算确定排烟量时，自然排烟口面积如何确定？
0,nanning.txt,4.2.34 对于连通空间（开口）最小投影面积≤100 O、净高＞6m 的室内空间，?221.6.13疏散内走道两侧的隔墙上的门窗是否需要按墙体的耐火极限设计？
0,nanning.txt,4.2.4 《消防应急照明和疏散指示系统技术标准》GB51309-2018、《建筑设计防火规范》GB50016-2014（2018 版）、《民用建筑电气设计标准》GB51348-2019 三本规范中对个别场所的疏散照明的地面水平最低照度要求不一致，如何执行？
0,nanning.txt,4.2.5  小面积商铺是否需要设置出口指示灯和疏散指示灯？
0,nanning.txt,4.2.6  建筑安全出口外是否要设置疏散照明？
0,nanning.txt,4.2.7  疏散指示灯是否一定要安装在距地 1.0m 的墙上？
0,nanning.txt,4.2.8  强、弱电井、各防火分区内的配电小间、专门的一户一表变配电房是否需要设置备用照明？
0,nanning.txt,4.2.9  客户专用变配电房的备用照明如何配电？
0,nanning.txt,4.3 火灾自动报警及联动控制系统4.3.1  消防控制室能否和变配电房、发电机房贴临？
0,nanning.txt,4.3.2  排烟阀与排烟风机，加压送风口与加压风机之间是否必须硬线直接联动？
0,nanning.txt,4.3.2 防排烟设施 3C 认证要求是否还有效？
0,nanning.txt,4.3.3  住宅套内是否要设置火灾探测器？
0,nanning.txt,4.3.3 根据《建筑防烟排烟系统?.3.1防烟系统 ........................................ 703.2排烟系统 ........................................ 843.3系统控制 ........................................ 983.4其他 ............................................ 99第四章 消防电气 ................................... 1024.1一般规定 ....................................... 1024.2配电及控制 ..................................... 1024.3消防应急照明和疏散指示系统 ..................... 1054.4火灾自动报警及联动控制系统 ..................... 109??装1第一章建筑专业1.1 适用规范问题1.1.1  对原有建筑用房进行使用内容调整，调整后的建筑类型属性没有改变，应按何要求进行防火设计？
0,nanning.txt,4.3.4  住宅套内火灾探测器采用什么方式与自动报警系统连接？
0,nanning.txt,4.3.5  当住宅小区规模较大，采用集中报警系统和区域报警系统结合的方式时，能否几栋建筑合用一个区域报警主机？
0,nanning.txt,4.3.6  仅局部区域设置机械排烟系统、机械防烟系统、水幕系统、雨淋系统、预作用系统等需要联动的建筑，是否整个建筑都要设置完整的火灾自动报警系统？
0,nanning.txt,4.3.6 对于民用建筑内设置的燃气锅炉房等需要考虑防爆事故通风的场所，其事故通风排风管是否要遵守《建规》第 9.3.2 条规定，即风管不能穿越锅炉房隔墙？
0,nanning.txt,4.3.7  没有设置火灾自动报警系统的建筑，防火卷帘、常开防火门、气体灭火、自动排烟窗等消防设备如何联动控制？
0,nanning.txt,4.3.8  （1）无消防控制室，采用区域火灾报警系统的建筑是否需要设置消火栓按钮？
0,nanning.txt,672.4.7 设置自动喷水灭火系统的仓库采用货架的储存方式时，什么情况下可不设置货架内置洒水喷头？
0,nanning.txt,8.146 -31.2 Td[<0383>28.598<2CB4>20.599<0A1F>28.598<1530>20.599<0A5F>28.598<0F46>20.599<30C7>28.598<02DB>]TJ0.18 Tw 0 Tr 0.985 -31.2 Td[<3184>-7.999<02D6>]TJ/C2_2 15.001 Tf1 0 0 1 5?1803.1.16加压送风机、补风机的进风口与机械排烟风机的排烟出口处于相邻的建筑立面时，其间距有何要求？
0,nanning.txt,94图 3.2.28-1 锯齿形屋面图 3.2.28-2 人形屋顶图 3.2.28-3 斜坡屋顶（顶排烟）图 3.2.28-4 斜坡屋顶（侧墙排烟）图 3.2.28-5 阶梯式地面场所3.2.29工业建筑、住宅建筑的走道排烟如何考虑？
0,nanning.txt,99是否均需连锁关闭排烟风机和补风机？
0,nanning.txt,C482.1.4 高层宿舍楼是否仅在走道设置自动喷水灭火系统？
0,nanning.txt,H873.2.12住宅商业服务网点的外门是否可以作为自然排烟窗（口）？
0,nanning.txt,?乙类厂当住宅与其他功能合建时是否定632.3.3 消火栓箱是否能在防火墙上暗装？
0,nanning.txt,?的开式细水雾灭火系统保护的档案库房，当储存方式、存储物品的类型和火灾荷载相近时，同一楼层中的多个相邻房间可以划分为同一个防护区，但应符合下列要求：（1）同一个防护区内的房间数量应经技术和经济比较后确定，并应确保系统灭火的可靠性和有效性；（2）同一个防护区内的各房间之间应1当住宅与其他功能合建时是否定70第三章暖通空调专业3.1防烟系统3.1.1 高层建筑主体与裙房（附楼）部分、多种功能组合的高层建筑主体与下部附属部分，防烟设施如何考虑？
0,nanning.txt,??、居委会、社区活动站等住宅配套用房能定义为商业服务网点吗？
0,nanning.txt,??齿顶）或阶梯报告厅等场所的净高如何界定，是否可以给出图示？
0,nanning.txt,??台阶能否使用阻燃板等难燃材料，耐火极限是否按照《建规》中疏散楼梯和楼板的要求？电影45室内构件装修1.9.8 室内隐蔽工程的钢结构防火涂料能否使用薄涂型钢结构防火涂料（膨胀型钢结构防火涂料）？
0,nanning.txt,??疏散距离可否按《建规》??验室日常使用的少量甲、乙24住宅建筑1.6.19高层住宅单元核心筒是否允许穿过其中一个前室进入另一个前室进行疏散？
0,nanning.txt,??疏散距离可否按《建规》??验室日常使用的少量甲、乙25图 1.6.19-1图 1.6.19-2e26图 1.6.19-3图 1.6.19 -4?都要按现行防火设计标准设计吗？
0,nanning.txt,??，当该部位为防火分35图 1.8.3 不规则的消防回车场地1.8.4住宅建筑尽端式消防车道、消防车登高操作场地与环形消防车道的距离如何控制？
0,nanning.txt,??机是连锁启动还是经过联动控制器联动启动？
0,nanning.txt,??室日常使用的少量甲、乙类气体的储藏间如何设置？
0,nanning.txt,?防护区内的各房间之间应1当住宅与其他功能合建时是否定73图 3.1.3-1图 3.1.3-2图 3.1.3-3图 3.1.3-43.1.4 如何判断地下、半地下建筑（室）的封闭楼梯间是否与地上楼梯间共用？
0,nanning.txt,?，楼梯间应采用机/311.7.3 防烟楼梯间的前室、合用前室、消防电梯前室内是否允许设置普通电梯？
0,nanning.txt,??进行商业经营且建筑面积大于等于 5000 m2 的建筑楼层，或总建筑面积大于等于 20000m2 的 的防火隔墙与建筑其他部分分47第二章给排水专业2.1基本参数以及系统选择2.1.1 《消防给水及消火栓系统技术规范》GB 50974-2014 第4.3.1 条第 2 款，对于住宅建筑而言，是否建筑高度为大于54m？
0,nanning.txt,??是防火百叶？
0,nanning.txt,事故通风机房能否设置在地下室？
0,nanning.txt,人防地下室中的送风井、排烟井平战结合使用时，由于存在扩散室、集气室等，设置管道送风、排烟困难，如何处理？
0,nanning.txt,住宅建筑的凹口是否可以连续计算长度？
0,nanning.txt,倍空间净高的小值，还是取比较后的大值?答：采用自然排烟方式的工业建筑，当其空间净高大于（30/2.8?0o??953.2.30与走道或回廊相通的所有房间的建筑面积均不大于 50O，当其均满足自然排烟条件时，走道的排烟设施如何考虑？
0,nanning.txt,假如联动启动，是否需要与其他触发信号“与”逻辑？
0,nanning.txt,公共建筑1.6.10 人员密集场所的疏散路线内可以设置台阶、踏步吗？
0,nanning.txt,其墙面、顶棚材料能否使用 B1 级材料？
0,nanning.txt,其设计是否需按《消防给水及消火栓系统技术规范》GB 50974-2014各条文来执行？
0,nanning.txt,区域报警主机设置的位置有何要求？
0,nanning.txt,医院建筑的火灾延续时间如何选取？
0,nanning.txt,各脱扣值如何整定？
0,nanning.txt,各脱扣值如何整定？电缆asX105箱除消防风机外还为消防水泵、防火卷帘等其他消防设备供电，则应设在配电小间内，不能利用风机房兼做配电小间。
0,nanning.txt,图 1.8.4 尽端式的消防回车场地1.8.5 消防车登高操作场地与消防救援口如何对应设置？
0,nanning.txt,图 1.8.5-1 消防救援口的设置?的包厢时,其疏散人数可按（按上限面积最高密度计算的）座位数的 1.1 倍37图 1.8.5-2 高层住宅救援面长度的计算（一）图 1.8.5-3 高层住宅救援面长度的计算（二）1.8.6 住宅建筑端头底部设置商业服务网点时，消防车登高操??》GB 50084-2017 第 7.1.13 条第 2 款?4j?38作场地未覆盖建筑长边是否合规？
0,nanning.txt,图 1.8.8-140图 1.8.8-21.8.9 高层建筑裙房是否需要设置消防电梯？
0,nanning.txt,图 2.3.6-1汽车库柱子背面消火栓箱安装示意图652.4自动喷水灭火系统2.4.1 室内机械车库的自动喷水灭火系统的设计参数如何选取？
0,nanning.txt,图 3.1.10-1?77图 3.1.10-23.1.11对于建筑高度不大于 100m 的住宅建筑和不大于 50m 的公共建筑，设置有裙房，若裙房高度以上主楼楼梯间满足自然通风要求，但主楼楼梯间在裙房高度以内的部分因被裙房包围无法开窗自然通风，该主楼楼梯间如何设置防烟设施？
0,nanning.txt,图 3.2.15-1Lmax=LAD=L1+L2+L3图 3.2.15-2当 L3>L4 时，Lmax=LAF=L1+L2+L3当 L3<L4 时，Lmax=LAD=L1+L2+L4图 3.2.15-3图 3.2.15-4Lmax=LAC=L1+L2Lmax=LAD=L1+L2+L3e89图 3.2.15-5Lmax=max（ABIF,ACHF,ADGF）=LAF=L1+L2+L3+L4+L53.2.16房间面积大于 200 O时，自然排烟窗（口）的开启方向有何要求？
0,nanning.txt,图 4防火单元疏散路径示意4.2.3 《消防应急照明和疏散指示系统技术标准》GB51309-2018第 3.2.1.6 条根据室内高度选择标志灯的规格，室内高度如何界定？
0,nanning.txt,在老旧小区改造项目中，室外独立建设的电动自行车棚在设置简易自动喷水灭火系统时是否可不设置消防水泵接合器？
0,nanning.txt,地下车库能把剪刀楼梯间作为一个防火分区仅有的两个安全出口吗？
0,nanning.txt,如何区分高大空间和中庭？
0,nanning.txt,如何配电？
0,nanning.txt,如采用中庭与其他区域分隔时，是否可以使用防火卷帘？
0,nanning.txt,对于住宅建筑，面积较小的弱电间、电信间等是否需要设置自动灭火系统？
0,nanning.txt,对于属于不同防火分区送风机的进风口与排烟风机的排烟出口，其间距如何要求？
0,nanning.txt,对于平顶顶棚、阶梯式地面的场所，用于计算排烟量等（第 4.6.3 条）的建筑空间净高 H 为平顶顶棚到阶梯式地面的最低地面的高度；用于71.2.5 重要公共建筑的判定标准是什么？
0,nanning.txt,对于应急照明中的疏散照明，集中电源或蓄电池应作为灯具492.1.7 人防工程的人防电站、密闭通道、防毒通道、洗消间等是否应设置自动喷水灭火系统？
0,nanning.txt,建筑外装修1.9.12高层民用建筑的外装饰、户外广告牌的设置有何规定？
0,nanning.txt,开向敞开式外廊的房间的窗户是否可作为排烟窗？
0,nanning.txt,当住宅与其他功能合建时是否定50义为综合楼？
0,nanning.txt,当剪刀楼梯间共用前室时，是否需要另设公共走道进入共用前室？
0,nanning.txt,当子门设置闭门器，子母门应具有能同时打开并按顺序自行关闭的功能，子门采??验室日常使用的少量甲、乙34图 1.8.1 消防车道转弯半径示意图1.8.2 是否可采用隐形消防车道？
0,nanning.txt,当局部加宽的走道包含电梯厅、护士站等其他功能时，排烟量如何考虑？
0,nanning.txt,当无治疗功能的休养性质月子护理中心设置在商业及其他功能Ai?111.4防火分区1.4.1 附设在汽车库的设备用房是否需要独立设防火分区？
0,nanning.txt,当消防水池存储了室外消防用水，且设置了室外消防取水口（建筑物均在取水口 150m 保护半径之内）时，不再设置室外消防给水临时高压系统，是否可以？
0,nanning.txt,当消防水池存储了室外消防用水，且设置了室外消防取水口（建筑物均在取水口 150m 保护半径之当住宅与其他功能合建时是否定612.2.9 消防水泵房与生活水泵房是否能合用？
0,nanning.txt,当消防电梯基坑标高低于室外检查井的地面完成面标高时，不应采用重力流3.x?71图 3.1.1 主楼与裙楼（附楼）示意图3.1.2 如何确定首层前室、扩大前室的防烟措施？
0,nanning.txt,当疏散楼梯间、前室或合用前室采用加压送风系统时，首层和屋面20图 1.6.8.21.6.9 建筑内疏散门和安全出口的净宽度如何计算？
0,nanning.txt,当走道局部加宽处为电梯厅等未放置可燃物区域时，走道排烟量按《防排烟标准》第 4.6.3 条相关计算；当走道7<097A0D60043B152A3181>39.931<02C411D402C5>40?102第四章消防电气4.1 一般规定4.1.1  《民用建筑电气设计标准》GB51348-2019 中与现行《建规》、《火规》、《应急照明标准》等相矛盾的条款时，应如何执行？
0,nanning.txt,排烟窗（口）是否可以不设置在储烟仓内？
0,nanning.txt,救援房间是否应设置在消防车登高操作场地一侧？
0,nanning.txt,是否要在最小清晰高度以上？
0,nanning.txt,是否认可房间开在疏散走道的门上的观察窗?（2）其他类型的建筑是否可以采用开向内走道的内窗甚至门上的观察窗解决规范 4.0.8 条的问题？
0,nanning.txt,是否需设置挡水板？
0,nanning.txt,生产的物质火灾危险性类别是哪一类？
0,nanning.txt,电影院的观众厅内吸声保温材料能否使用 B1 级材料？
0,nanning.txt,电缆载流量如何确定？
0,nanning.txt,空调通风系统风管穿越设置防火门的房间、前室、楼梯间、设备机房隔墙处，是否需设置防火阀？
0,nanning.txt,竖向设置的加压送风管道，当管道井内仅为加压送风管道时，其耐火极限有何要求？
0,nanning.txt,答：上述情况产生变动的各层建筑平面，发生改变的防火分区应?类4.2.1 中庭如何定义？
0,nanning.txt,答：住宅建筑中符合《建规》第 2.1.4 和 5.4.11 条要求的物业管理、居委会、社区活动站等住宅配套用房可以定义是??8图 1.3.11.3.2 沿住宅小区或机关企事业单位内的道路布置的单排停车位与建筑间距是否可不按停车场距离民用建筑间距来控？
0,nanning.txt,答：供教学、?15图 1.5.41.5.5 任一层或任一防火分区内面积较小的儿童活动空间，可不考虑独立疏散和防火分隔吗？
0,nanning.txt,答：室内装修工程在不改变所装修房间或空间的原有建筑使用功能和建筑布局，也不改变防火分区和减少安全疏散设施的情形下，?k&27图 1.6.19-51.6.20住宅建筑延伸至其地下车库的剪刀楼梯间是否需要按公共建筑标准设计？
0,nanning.txt,能否采用市政给水管网压力进行稳压？
0,nanning.txt,若一层该疏散门开在绿化架空层是否可以算直通室外？
0,nanning.txt,若前室设有多个入口，加压送风口是否需要正对每个前室的入口或在每个前室入口门顶正上方设置？
0,nanning.txt,若该疏散门开在绿化架空层是否可以算直通室外？
0,nanning.txt,设置了直通室外的疏散门，是否还需要在该封闭楼梯间最高部位设置不小于 1O的可开启外窗？
0,nanning.txt,设置于半平台梁下处的181.6.5 （1）地下车库防火墙上通向相邻防火分区车库区域的甲级防火门可否作为本防火分区的安全出口？
0,nanning.txt,走道设置的自然排烟窗（口）是否可以在走道的同一朝向？
0,nanning.txt,还是必须从变电所拉两路电源？
0,nanning.txt,通工程、物流建筑的排烟量如何计算？
0,nanning.txt,门是否可以作为自然排烟的排烟口？
0,nanning.txt,问：《民用建筑电气设计标准》GB51348-2019 第 13.7.7 条规定，民用建筑内消防水泵不宜设置自动巡检装置，其条文说明也详细解释了原因；但在工业建筑设计中，消防水泵是否仍有设置191.6.7 汽车库内连接上下层的汽车坡道是否需要考虑疏散距离？
0,nanning.txt,顶棚、墙面装饰龙骨材料能否使用木龙骨等 B1 级材料？
0,nanning.txt,（1）是否可以认可医院手术室、ICU、洁净实验室等，采用开向内走道的内窗解决规范 4.0.8 条的问题？
0,nanning.txt,（1）综合楼总建筑面积不大于 3000m2，当一层、二层餐饮场所任一层的面积大于 1500m2时，此建筑是否需要设置自动喷水灭火系统？
0,nanning.txt,（2）对于防火单元之间的连通口布置有哪些要求？
0,nanning.txt,（2）小区有消防控制室，但本建筑没有报警系统，是否需要设置消火栓按钮？
0,nanning.txt,（2）综合楼总建筑面积大于 3000m2，一层、二层餐饮场所任一层的面积不大于 1500m2，且两层总建筑面积不大于 3000m2时，是否需要设置自动喷水灭火系统？
0,nanning.txt,（2）若主楼楼梯间在裙房高度内开门与裙房连通，裙房高度内楼梯间层数按建筑层数。主楼楼梯间（含裙房高度内的??|f79可开启外窗（固定窗），最高部位的面积是否包含在每五层的总面积里？
0,nanning.txt,（2）车库内疏散通道的净宽度如何控制？
0,nanning.txt,（3）综合楼总建筑面积大于 3000m2，一层、二层餐饮场所任一层的面积大于 1500m2，或两层总建筑面积大于 3000m2时，上部建筑是否需要设置自动喷水灭火系统？
0,nanning.txt,（4）无自动报警系统和消控室，市政水供水的消火栓是否需要设置消火栓按钮？
0,nanning.txt,（图 1.6.2）图 1.6.21.6.3 疏散到室外疏散楼梯、台阶或屋面平台的出口是否可视17为直通室外？
0,nanning.txt,（图 1.6.3）图 1.6.31.6.4 建筑内天井、庭院是否可作为安全区域？
0,nanning.txt,（图 1.7.1-3、图 1.7.1-4）图 1.7.1-1图 1.7.1-2且符合 GB 50084-2017 第7.1.13 条第 1 款的要求时，喷头应设置在吊顶上方，并应符合《自动喷水灭火设计规范》GB 50084-2017 第 7.1.13 条第 2 款?4j?30图 1.7.1-3图 1.7.1-41.7.2 住宅建筑同一户内的外墙上、下层开口之间的实体墙高度可否不限？
0,nanning.txt,（注：儿童是指 14 周岁及以下的未成年人）1.3总平面布局1.3.1 拼接组合的住宅建筑两个单元之间的防火间距应如何设计？
0,nanning.txt,（符合要求的案例见图 1.6.19-1、图 1.6.19-2，不符合要求的案例见图 1.6.19-3、图 1.6.19-4、图 1.}?28否有要求？
0,nanning.txt,（符合要求的案例见图 1.6.19-1、图 1.6.19-2，不符合要求的案例见图 1.6.19-3、图 1.6.19-4、图 1.6.19-5）.6.18 如何确定电影院疏散人数？
0,nanning.txt,）2.1.15当采用两路市政供水进行消防给水系统设计时，是否需要与城市供水企业进行确认？
0,nanning.txt,，如何理解？
0,shijiazhuang.txt, 直接在顶板上设置的检修口可以当取水口使用吗？
0,shijiazhuang.txt,(附图5.0.6)??利用“步行街”进行疏散，疏散距离应按大开间商业考虑；不超过300 O的商业用房任一点至房间疏散门的距离应符合《建规》第 5.5.17 条第 3 款的规定；4当建筑局部突出物或相邻建筑的外墙高于“步行街”顶棚部分采用防火墙和耐火极限不低于 1.00h 的屋面板时，“步行街”顶棚与上述外墙距离不限；当20附图 5.0.6建筑屋顶和地下室顶板开口设置5.0.7同一座 U 型口的民用建筑，其两翼外墙之间是否有防火间距要求？
0,shijiazhuang.txt,1.0.10美容院使用性质应按照歌舞娱乐放映游艺场所确定吗？
0,shijiazhuang.txt,1.0.11“有顶步行街”在符合《建规》第 5.3.6 条要求的同时，是否还有其他要求？
0,shijiazhuang.txt,1.0.12超大城市综合体是如何定义的？
0,shijiazhuang.txt,1.0.13农家乐（民宿）是如何定义的？
0,shijiazhuang.txt,1.0.14售楼处是人员密集场所吗？
0,shijiazhuang.txt,1.0.15《建规》第 7.2.2 条第 1 款的车库出入口包括非机动车的出入口吗？
0,shijiazhuang.txt,1.0.2《建规》中的“人员密集场所”，在条文及条文说明中无明确解释，主要包括哪些？
0,shijiazhuang.txt,1.0.3《建规》第 5.4.4 条中出现的“儿童活动场所”包括哪些场所？
0,shijiazhuang.txt,1.0.4老年人照料设施有哪些？
0,shijiazhuang.txt,1.0.5足疗店消防设计如何定性？
0,shijiazhuang.txt,1.0.6汽车 4S 店如何消防定性？
0,shijiazhuang.txt,1.0.7用于教学的实训楼如何消防定性？
0,shijiazhuang.txt,1.0.8保龄球、台球、棒球、飞镖、真人 CS、室内电动卡丁车场等场所按歌舞娱乐放映游艺场所消防设计吗？
0,shijiazhuang.txt,1.0.9月子中心应按照什么标准进行消防设计？
0,shijiazhuang.txt,1如果每层是一个独立的空调系统，每层一个防火分区，也就是风管不跨越防火分区，但是跨房间，需要设自动灭火系统吗？
0,shijiazhuang.txt,2.0.2对于具有凸出建筑外墙的不燃性梁、柱构件的建筑，防火间距是以凸缃ㄖ外墙的不燃性梁、柱构件外边计还是主体外墙边计算？
0,shijiazhuang.txt,2.0.3相邻两座建筑之间通过设置防火墙以满足防火间距不限的条件时，当两座相邻建筑形成夹角小于 180 度或不小于 180 度时，最近的门窗洞口防火间距有何要求？
0,shijiazhuang.txt,2.0.5民用建筑与地下汽车库出地面疏散楼梯的防火间距如何确定？
0,shijiazhuang.txt,2.0.7锅炉房和其他建筑物相连或设置在其内部时，锅炉房的布置原则是什么？
0,shijiazhuang.txt,2.0.8电动自行车停车库设置有什么要求？
0,shijiazhuang.txt,2.0.9裙房与高层建筑主体的耐火等级是否要一致？
0,shijiazhuang.txt,2仅冷（热）媒管道穿越多个房间的系统，是否需要按《建规》第 8.3.4 条第 3 款的要求设置自动灭火系统？
0,shijiazhuang.txt,2总平面布局2.0.1设置开敞阳台的建筑，建筑的防火间距以敞开阳台外边计还是主体外墙边计？
0,shijiazhuang.txt,3.0.10体育场馆比赛大厅（含看台和场地）和观众休息厅是否可按一个防火分区设计？
0,shijiazhuang.txt,3.0.12影院、礼堂、剧场候场大厅处的防火分隔墙能否采用防火卷帘替代？
0,shijiazhuang.txt,3.0.13商业建筑附属库房有何要求？
0,shijiazhuang.txt,3.0.14中庭在楼层的开口边界采用防火卷帘与周围连通空间分隔时，防火卷帘需要每层设置吗？
0,shijiazhuang.txt,3.0.15地下或半地下商店可以设置与地上部分的空间贯通的中庭吗？
0,shijiazhuang.txt,3.0.16住宅建筑防烟楼梯间前室、合用前室内设置设备管井有何限制？
0,shijiazhuang.txt,3.0.17商业服务网点之间的隔墙两侧需设置总宽度不小于 1m 且耐火极限不低于 1.00h 的不燃烧体实体墙吗？
0,shijiazhuang.txt,3.0.18商业网点 一、二层相加面积不应超过 300 O，但对上、下层营业用房面积比例未作规定，设计中出现在一层仅设楼梯，二层均为营业用房，此作法可行吗？
0,shijiazhuang.txt,3.0.19住宅建筑下部设置商业服务网点后，该建筑是否仍可按住宅建筑进行防火设计？
0,shijiazhuang.txt,3.0.20住宅楼中，将部分一层和二层作为物业和社区用房，此用房面积小于 300 O,可否按《建规》第 5.4.11 条套用商业服务网点设计？
0,shijiazhuang.txt,3.0.21在居住用地上建设的单层或 2 层，每个分隔单元建筑面积不大于 300 O，可否按《建规》第 5.4.11 条套用商业服务网点设计？
0,shijiazhuang.txt,3.0.23除住宅与其他使用功能建筑合建以外的多种功能组合的高层公共建筑下部的附属部分，当和上部高层主体建筑进行了严格的防火分隔后，是否可以按各自的高度进行消防设计？
0,shijiazhuang.txt,3.0.24超高层建筑应设置避难层，如果避难层布置避难区及设备用房外尚有空间，可以设置其它使用功能用房吗？
0,shijiazhuang.txt,3.0.25商业服务网点的外墙面是否能突出住宅建筑的外墙？
0,shijiazhuang.txt,3.0.26当一个建筑高度大于 27m，但不大于 54m 的住宅单元（只设置了 1 个安全出口）与一个多层（建筑高度不大于 27m）住宅单元组合建造时，需要各单元疏散楼梯通至屋面，且在多层住宅单元屋面设置连接较高单元疏散楼梯的疏散通道，或设置通向较高屋面的室外疏散楼梯吗？
0,shijiazhuang.txt,3.0.27当裙房与主体之间在高层建筑主体投影范围外（含投影线）采取防火墙和甲级防火门分隔后，该裙房的楼梯间形式和防火分区可按单、多层建筑的要求确定？
0,shijiazhuang.txt,3.0.28地下汽车库内是否可以放置为该项目使用的设备用房？
0,shijiazhuang.txt,3.0.29当汽车库内有设备用房时或者其他功能房间利用车库疏散楼梯时，疏散距离如何计算？
0,shijiazhuang.txt,3.0.2住宅建筑地下室的服务于上部住宅被分隔成小间的储藏室，需按工业建筑中的仓库类型划分防火分区吗？
0,shijiazhuang.txt,3.0.30车库车道出入口宽度，《车库建筑设计规范》JGJ100-2015 第 4.2.4 条规定：车辆出入口宽度，双向行驶时不应小于 7m，单向行驶时不应小于 4m；《汽车库、修车库、停车场设计防火规范》GB50067-2014 第 6.0.13 条规定：汽车疏散坡道的净宽度，单车道不应小于 3m，双车道不应小于 5．5m；实际设计中车道该以哪个为准？
0,shijiazhuang.txt,3.0.31“下沉广场”的外墙与“下沉广场”之间的回廊进深是否有要求？
0,shijiazhuang.txt,3.0.32当下沉式广场兼作人员疏散时，下沉式广场的人员密度如何计算？
0,shijiazhuang.txt,3.0.33坡地建筑中一部分外墙外露、其余外墙位于地下的房间，如何判断其是否属于地下室或半地下室？
0,shijiazhuang.txt,3.0.3住宅建筑可以地下一层跃首层（地下一层与首层连通）吗？
0,shijiazhuang.txt,3.0.4地下商业区域与汽车库防火分隔有何规定？
0,shijiazhuang.txt,3.0.5桑拿浴室的洗浴部分、室内游泳池、室内滑雪场的滑雪场地、真冰溜冰场的冰面、消防水池（生活水池）等的面积，可不计入防火分区面积？
0,shijiazhuang.txt,3.0.6住宅建筑是否要划分防火分区？
0,shijiazhuang.txt,317.2.10住宅小区内相邻建筑物的水泵接合器是否可以共用？
0,shijiazhuang.txt,3仅用于通风的系统或新风系统，没有制冷或制热功能，是否需要按《建规》第 8.3.4条第 3 款的要求设置自动灭火系统？
0,shijiazhuang.txt,3防火分区和平面布置3.0.1防火分区面积可以按使用面积计算吗？
0,shijiazhuang.txt,4.0.10幼儿园建筑楼梯要做封闭楼梯间吗？
0,shijiazhuang.txt,4.0.11相邻防火分区之间的疏散楼梯间，是否可以共用？
0,shijiazhuang.txt,4.0.12当住宅地下室防火分区的建筑面积不大于 500 O且仅有一个安全出口时，可利用通向相邻汽车库防火分区的甲级防火门作为安全出口吗？
0,shijiazhuang.txt,4.0.13建筑夹层疏散设计是怎么规定的？
0,shijiazhuang.txt,4.0.14观众厅、展览厅、多功能厅、餐厅、营业厅房间嵌套房间是否可行？
0,shijiazhuang.txt,4.0.18综合体内电影院人数如何计算？
0,shijiazhuang.txt,4.0.19《建规》第 5.5.21 条歌舞娱乐放映游艺场所疏散人数计算时，未明确其疏散走道、连接厅室的公共走道、电梯厅、楼梯间及前室等是否计算人数，这些场所是否参与计算？
0,shijiazhuang.txt,4.0.20《建规》第 5.5.20 条表 5.5.20-1 中楼梯的疏散宽度计算适用于其它建筑内建造的相应场所吗？
0,shijiazhuang.txt,4.0.21健身房的疏散人数如何计算？
0,shijiazhuang.txt,4.0.22非机动车坡道在地下出入口处可以不设门吗？
0,shijiazhuang.txt,4.0.2《建规》第 5.5.17 条第 2 款及 5.5.29 条第 2 款利用首层门厅、公共大堂作为扩大前室通向室外时，楼梯间出口处至室外疏散门的直线距离最大疏散距离是多少？
0,shijiazhuang.txt,4.0.3公共建筑的疏散楼梯在首层直通室外的疏散走道宽度如何计算？
0,shijiazhuang.txt,4.0.4建筑高度大于 54m 的住宅建筑设置剪刀楼梯时，其前室是否允许穿套？
0,shijiazhuang.txt,4.0.5住宅的两个交通核通过北向的室外连廊连接解决 2 个安全出口问题，而连廊是通过防烟楼梯间前室或合用前室连通的，是否可行？
0,shijiazhuang.txt,4.0.6高层住宅剪刀梯在首层是否可通用一个门厅对外疏散？
0,shijiazhuang.txt,4.0.7高层、多层住宅建筑中商业服务网点内的疏散距离是按高层建筑还是按多层建筑？
0,shijiazhuang.txt,4.0.8商业服务网点中每个分隔单元的疏散楼梯净宽度按多少设计？
0,shijiazhuang.txt,4.0.9除《建规》第 5.5.10 条规定的情况外，其他公共建筑的疏散楼梯可以设置采用剪17刀楼梯吗？
0,shijiazhuang.txt,5.0.10两栋楼各自疏散宽度都不足，中间用连廊相连（连廊无可燃物，也无疏散楼梯），是否可以把通向连廊的门作为安全出口互相借用？
0,shijiazhuang.txt,5.0.12防烟楼梯间在首层和通向屋面处能否不设置前室，使得楼梯间的门能直接对外？
0,shijiazhuang.txt,5.0.13防烟楼梯间前室、封闭楼梯间的首层及出屋面外门，是否要求用防火门？
0,shijiazhuang.txt,5.0.14屋面板是否为屋顶承重构件？
0,shijiazhuang.txt,5.0.15在房屋建筑中，屋顶承重构件包括哪些？
0,shijiazhuang.txt,5.0.16疏散走道两侧的隔墙能否设普通玻璃窗？
0,shijiazhuang.txt,5.0.20很多住宅建筑外墙上设置造型线角等装饰构件，规范对其燃烧性能是否有要求？
0,shijiazhuang.txt,5.0.2防火门的设计开启角度能否大于 90 度？
0,shijiazhuang.txt,5.0.3建筑专业设计施工图如何明确外墙保温的防火要求？
0,shijiazhuang.txt,5.0.4跃层住宅建筑户内通高空间的外墙上、下层开口之间的实体墙（窗槛墙）高度也要满足《建规》第 6.2.5 条要求吗？
0,shijiazhuang.txt,5.0.5住宅设计封闭阳台时，当阳台内房间的外墙和外门均按外墙设计（节能计算作为外墙和外门窗），该阳台是否要满足窗槛墙 1.2m 的高度要求？
0,shijiazhuang.txt,5.0.6建筑中庭天窗光顶与建筑物之间满足什么消防间距？
0,shijiazhuang.txt,5.0.8住宅建筑设置 U 型天井且以连廊联系时，天井及其尺寸如何要求？
0,shijiazhuang.txt,5.0.9民用建筑设置内天井防火间距有什么规定？
0,shijiazhuang.txt,5建筑构造5.0.1建设工程中对异型防火卷帘有什么规定？
0,shijiazhuang.txt,6.0.10穿过建筑物进入内院的消防车道，当有人员疏散的出入口通向消防车道或与消防车道并行时，如何保障消防车通行和人员安全疏散？
0,shijiazhuang.txt,6.0.11厂房、仓库、商场、展览等大空间建筑的消防救援窗口如何设置？
0,shijiazhuang.txt,6.0.13敞开外廊、阳台的门、窗可以作为消防救援口？
0,shijiazhuang.txt,6.0.14商业综合体建筑中，往往立面设计时采用大量的石材或装饰板等非透明幕墙， 并将灭火救援窗设置在实体幕墙后，此种做法是否允许？
0,shijiazhuang.txt,6.0.15当其他功能用房与地下汽车库上下组合建造时，消防电梯如何设置？
0,shijiazhuang.txt,6.0.16对于设置在地下的设备用房、非机动车库、库房等防火分区，当受地面功能布置等时，可将少量设备用房计入汽车库的防火分区面积，按汽车库的防火分区面积要求进行划分：1	27限制分别设置消防电梯有困难时，可与相邻防火分区共用 1 台消防电梯吗？
0,shijiazhuang.txt,6.0.17住宅建筑与公共建筑合建时消防电梯应每层停靠吗？
0,shijiazhuang.txt,6.0.18地下汽车库设置消防电梯是否按照《建规》第 7.3.1 条执行？
0,shijiazhuang.txt,6.0.19消防电梯与普通电梯是否可以合用前室？
0,shijiazhuang.txt,6.0.4《建规》第 7.1.8 条、7.2.2 条规定消防车道、消防车登高操作场地与民用建筑之间的距离不宜小于 5m，是否该距离由设计人员掌握？
0,shijiazhuang.txt,6.0.5超高层建筑的避难区需要设置在消防车登高场地一侧吗？
0,shijiazhuang.txt,6.0.6《建规》第 7.1.8 条规定了消防车道与民用建筑之间的距离不宜小于 5m，其最大距离有无要求？
0,shijiazhuang.txt,7.1.2高层建筑楼顶通风、正压送风机房、排烟机房等消防设施如何设置？
0,shijiazhuang.txt,7.1.3除商业服务网点外，住宅建筑与其他使用功能的建筑合建时，其屋顶高位消防水箱有效容积如何确定？
0,shijiazhuang.txt,7.1.4单建的地下、地上汽车库，其室内外消火栓用水量，按哪本规范执行？
0,shijiazhuang.txt,7.1.5对于层高较小（如层高小于 2.1m，板底净高 1.8m，梁底净高 1.2m，基本只能猫腰趴着检修，不能站立通行）的管道夹层，只走设备管线，无其他功能及可燃物，该夹层如何进行消防设计？
0,shijiazhuang.txt,7.1.6某多层建筑包括办公楼、地下室和与其相连地下车库，其地下室与地下车库相连处设甲级防火门，车库设置自动喷水灭火系统与消火栓系统，办公部分及其地下室是否也需同步设置？
0,shijiazhuang.txt,7.1.7本章第 7.1.6 条类似项目，当涉及《建规》第 8 章消防设施的设置要求时，计算建筑的体积和面积时，是否包括地下设备用房？
0,shijiazhuang.txt,7.1.8丙类厂房的室内消火栓箱内是否要设置消防软管卷盘？
0,shijiazhuang.txt,7.2.11一座建筑物的室外消火栓用水量为 30L/s，若在其附近的市政路上有一个市政消火栓可以计入其室外消火栓的数量，那么消防水池内是否可以仅储存剩下 15L/s 的室外消防水量？
0,shijiazhuang.txt,7.2.12两部电梯相邻设置，（1）两部电梯为消防电梯时，是否可以共用集水坑？
0,shijiazhuang.txt,7.2.13普通 7 层住宅建筑，建筑高度大于 21m，是否可依《消水规》第 7.1.4 条要求，建筑高度不大于 27m 的多层住宅建筑设置室内湿式消火栓系统确有困难时，可设置干式消防竖管？
0,shijiazhuang.txt,7.2.14《消水规》表 3.5.2 中没有提及的餐厅、食堂、网吧、幼儿园、老年照料设施、培训中心等单多层建筑，室内消火栓用水量如何选取？
0,shijiazhuang.txt,7.2.16《消水规》第 6.1.11 条第 2 款是怎么理解的，如果一个小区包括办公、公寓、商337.2.22消火栓在同一平面内是否可跨防火分区保护？
0,shijiazhuang.txt,7.2.16《消水规》第 6.1.11 条第 2 款是怎么理解的，如果一个小区包括办公、公寓、商业等多种形式，当总建筑面积超过 500000 O，但是居住的面积不超过 500000 O，还按照这一条执行吗？
0,shijiazhuang.txt,7.2.18丙类厂房，建筑高度小于 24m，体积大于 50000m3，内设一丙类中间仓库，中间仓库部分体积大于 5000m3，厂房部分体积也大于 5000m3，室内消火栓用水量如何考虑？
0,shijiazhuang.txt,7.2.19公建或者住宅楼首层为若干单间商铺组成，且每间独立开门向室外，其室内消火栓时设置原则？
0,shijiazhuang.txt,7.2.20车库内一个防火分区分为两个人防防护单元，设置集水坑时满足 80％的消防水量（《人民防空工程设计防火规范》GB50098-2009 要求），这个水量是在车库的防火分区满足 80%，还是每个人防防护单元均应满足 80％？
0,shijiazhuang.txt,7.2.21如下图所示的消防水泵吸水管路的布置方式是否可行？
0,shijiazhuang.txt,7.2.23消防泵房、消防电梯集水坑和设有消防给水的地下室内消防排水设施是否均需采用消防电源？
0,shijiazhuang.txt,7.2.24《消水规》第 4.3.9 条消防水池的最高和最低报警水位如何确定？
0,shijiazhuang.txt,7.2.25《消水规》第 3.5.2 条，汽车 4S 店按照什么建筑考虑？
0,shijiazhuang.txt,7.2.26《消水规》第 7.4.12 第 2 款：“高层建筑、厂房、库房……，消火栓栓口动压不应小于 0.35Mpa”，厂房是指所有厂房，还是高层厂房？
0,shijiazhuang.txt,7.2.2消防软管卷盘是否需要设置消火栓报警按钮？
0,shijiazhuang.txt,7.2.3室外消火栓系统是否可以利用消防水箱稳压？
0,shijiazhuang.txt,7.2.4多种功能组合的公共建筑、除商业网点外住宅建筑与其他使用功能的建筑合建的建也需同步设置？
0,shijiazhuang.txt,7.2.6《消水规》第 6.1.9 条第 1 款中 “其他重要建筑”范围？
0,shijiazhuang.txt,7.2.7对于《消水规》中在施工（第 12 章）、系统调试与验收（第 13 章）、维护管理（第14 章）等非设计内容的章节中提到的一些内容，是否属于设计、审查的内容？
0,shijiazhuang.txt,7.2.8对于《消水规》第 11 章控制与操作中提到的关于水泵电气控制的内容，是否属于给排水专业的设计内容？
0,shijiazhuang.txt,7.2.9当高位消防水箱间内设有稳压泵时，高位消防水箱间是否可以设置于住宅楼顶层住户的客厅、卧室、书房之上？
0,shijiazhuang.txt,7.3.10防火分区面积小于 500 O的住宅的地下非机动车库（含自行车库），需要设置自动喷水灭火系统吗？
0,shijiazhuang.txt,7.3.11高层住宅小区（或者多层住宅小区）设置在地下车库（已经设置自动喷水灭火系统）内的变配电室、水泵房、空调机房需要设置自动灭火系统吗？
0,shijiazhuang.txt,7.3.12含充电桩的地下车库，一定要做泡沫-水喷淋系统吗，可否只做湿式自动喷水灭火系统？
0,shijiazhuang.txt,7.3.13为何扩大覆盖面积洒水喷头一定要按照正方形布置？
0,shijiazhuang.txt,7.3.14丙类库房，地下超 500 O，需要设置自动喷水灭火系统；地上两层，地上部分占地面积不超 1500 O，地上部分总面积不超 3000 O，地上部分需要设置自动喷水灭火系统吗？
0,shijiazhuang.txt,7.3.15二类高层宿舍楼的宿舍是否要设置喷头？
0,shijiazhuang.txt,7.3.17小区地下车库的坡道上是否需要设计喷淋？
0,shijiazhuang.txt,7.3.18《建规》第 8.3.3 条第 2 款自动扶梯底部应设置自动喷水灭火系统，需要每层扶梯底部都设置吗？
0,shijiazhuang.txt,7.3.2室内净空高度大于 8m 的室内大空间场所，是否可以采用《大空间智能型主动喷水灭火系统技术规程》CECS263:2009 中规定的灭火系统替代自动喷水灭火系统？
0,shijiazhuang.txt,7.3.3五层办公楼（多层建筑），其中一～三层为商店、餐饮、娱乐，设置了自动喷水灭火系统，四层、五层为办公，办公部分是否设置自动喷水灭火系统？
0,shijiazhuang.txt,7.3.4高层住宅（例如建筑高度为 80）只有地下车库设自动喷水灭火系统，高位消防水箱稳压管连接至车库环管需要减压吗？
0,shijiazhuang.txt,7.3.5喷淋支管减压孔板设置在信号阀前还是水流指示器之后，又或者信号阀与水流指示器之间，三种方案，不知道哪一种更好？
0,shijiazhuang.txt,7.3.6按《建规》要求卫生间内应设置自动喷水灭火系统，如宾馆卫生间的淋浴部分是单独隔间，是否需要设置喷头？
0,shijiazhuang.txt,7.3.8单独修建的地下燃油锅炉房、柴油发电机房需要配置自动喷水灭火系统吗？
0,shijiazhuang.txt,7.3自动喷水灭火系统7.3.1设置了机械停车位的地下车库自动喷水灭火系统流量如何计算？
0,shijiazhuang.txt,7.4.2民用建筑中，哪些变配电室需要配置气体灭火系统吗？
0,shijiazhuang.txt,7.4.3消控室是否需要设置自动灭火系统？
0,shijiazhuang.txt,7.4.4自动消防炮可以设计为干式系统吗？
0,shijiazhuang.txt,7.4.6地 下 停车 库 ， 建筑 专 业 没 有按 《 电 动汽 车 分 散 充电 设 施 工程 技 术 标 准》GB/T51313-2018 划分防火单元，有没有必要参照此标准按严重危险级设置灭火器？
0,shijiazhuang.txt,7.4其它7.4.1综合管廊内的自动灭火系统，除了采用细水雾灭火系统外，是否可以按照其它省市的超细干粉灭火设计规范进行设计？
0,shijiazhuang.txt,7灭火设施7.1消防灭火设施的设置7.1.1小区内社区用房中的供老年人使用的设施场所内水消防设施如何设置？
0,shijiazhuang.txt,8.1.10面积较小的避难间采用自然通风时，是否必须满足GB51251-2017第3.2.3条要求？
0,shijiazhuang.txt,8.1.11GB51251-2017 第 3、4 节中多处提到“建筑高度”，是指《建规》中规定的建筑高度还是系统服务高度？
0,shijiazhuang.txt,8.1.12当加压送风机的进风口与机械排烟系统的出风口位于同一建筑的不同方向时，其水39平或垂直距离是否可适当缩小？
0,shijiazhuang.txt,8.1.13服务楼层数小于等于 3 层的加压送风系统是否可以采用常开风口？
0,shijiazhuang.txt,8.1.14加压送风机、补风机的压出段及排烟风机的吸入段能否采用土建风道？
0,shijiazhuang.txt,8.1.15住宅中的前室或合用前室进行加压送风量计算时，子母门（户门）是否可按单扇门考虑？
0,shijiazhuang.txt,8.1.16计算封闭楼梯间加压送风量时，门洞风速如何确定？
0,shijiazhuang.txt,8.1.17设有外窗的防烟楼梯间、前室不易于产生“超压”现象，加压送风系统是否可不设测压装置及风压调节措施？
0,shijiazhuang.txt,8.1.18超高层建筑加压送风系统是否可以跨越避难层设置？
0,shijiazhuang.txt,8.1.19住宅地上、地下楼梯间可否合用加压送风系统？
0,shijiazhuang.txt,8.1.20首层不靠外墙的地下室楼梯间（如交通核在建筑内部的办公楼）, 应如何设计楼梯间顶部的固定窗？
0,shijiazhuang.txt,8.1.21超高层建筑内区（核心筒）的楼梯间应如何设置顶部固定窗？
0,shijiazhuang.txt,8.1.22加压送风管是否可以穿越走廊及其它房间？
0,shijiazhuang.txt,8.1.2如何计算共用前室、“三合一”前室加压送风量？
0,shijiazhuang.txt,8.1.3按 GB51251-2017 前室加压送风口有多种布置形式，分别有何具体要求？
0,shijiazhuang.txt,8.1.4如何理解 GB51251-2017 第 3.2.1 条中防烟楼梯间加压送风口布置要求？
0,shijiazhuang.txt,8.1.5敞开楼梯间是否需满足自然通风要求？
0,shijiazhuang.txt,8.1.6地下楼梯间是否可以采用自然排烟？
0,shijiazhuang.txt,8.1.7当住宅建筑地下楼梯间按规定可以采用自然通风，但可开启外窗设置于最高位置有困难时，可设于该楼梯间最高休息平台外墙上部吗？
0,shijiazhuang.txt,8.1.8封闭楼梯间、防烟楼梯间、前室采用自然通风时，对可开启外窗有何要求？
0,shijiazhuang.txt,8.1.9建筑首层扩大前室如何进行防烟设计？
0,shijiazhuang.txt,8.2.11体育比赛厅的自然排烟窗，是否需要设置集中手动、自动开启装置？
0,shijiazhuang.txt,8.2.12GB51251-2017 第 4.3.6 条中自然排烟窗所提到的“手动开启功能”是否包括电动开启？
0,shijiazhuang.txt,8.2.13竖向布置的排烟系统负担了多个防火分区，那么其每层的支管是否也可以负担多个防火分区？
0,shijiazhuang.txt,8.2.14GB51251-2017 第 4.2.2 条中所提到的“建筑高度”是指《建规》中规定的建筑高度，还是系统服务高度？
0,shijiazhuang.txt,8.2.15排烟管道是否可以穿越楼梯间、前室、扩大前室及避难区？
0,shijiazhuang.txt,8.2.16同一空间划分为多个防烟分区时，空间内的支风管还需要设排烟防火阀吗？
0,shijiazhuang.txt,8.2.17净高小于等于 3m 的房间、走道，采用自然排烟时，其挡烟垂壁也必须做到空间净高 1/2 以下吗？
0,shijiazhuang.txt,8.2.19机械排烟系统一个防烟分区内需要多个排烟风口时，排烟口之间有最小距离要求吗？
0,shijiazhuang.txt,8.2.20地下室房间、走道采用窗井自然排烟时，自然排烟窗之间是否有最小距离要求？
0,shijiazhuang.txt,8.2.21设置机械排烟设施的场所，是否可以将补风口设置在相邻的走道内？
0,shijiazhuang.txt,8.2.22GB51251-2017 第 4.6.4 条中，“相同净高”的场所是指两个以上场所的建筑净高必须完全一致吗？
0,shijiazhuang.txt,8.2.23如何计算竖向机械排烟系统的排烟量？
0,shijiazhuang.txt,8.2.24面积较小的房间设置机械排烟系统时，按 GB51251-2017 第 4.6.3 条第一款计算排烟量很大，不利于布置排烟系统，此种情况下，排烟量是否可适度减小？
0,shijiazhuang.txt,8.2.25办公、学校、住宅等非人员密集场所中面积较小的共享空间如何计算排烟量及进行自然排烟设计？
0,shijiazhuang.txt,8.2.26按 GB51251-2017 第 4.6.11 条～4.6.13 条计算的净高大于 6m 的场所的排烟量，一般总是小于表 4.6.3 规定的排烟量，是否可以按计算排烟量设计排烟设施？
0,shijiazhuang.txt,8.2.27GB51251-2017 第 4.6.3 条仅规定了公共建筑走道的自然排烟设计要求，工业建筑、住宅楼地下室中的走道如何进行排烟设计？
0,shijiazhuang.txt,8.2.28阶梯教室或报告厅等地面为阶梯式的空间如何计算建筑净高和清晰高度？
0,shijiazhuang.txt,8.2.29地下室或半地下室内的非机动车库是否需要设置排烟设施？
0,shijiazhuang.txt,8.2.2冷库的冷藏间、冻结间是否需设防排烟系统？
0,shijiazhuang.txt,8.2.30歌舞娱乐放映游艺场所排烟系统应如何设计？
0,shijiazhuang.txt,8.2.31地下汽车库坡道出入口是否可作为机械排烟系统的补风口？
0,shijiazhuang.txt,8.2.32游泳馆、冰球场等场所，是否需要设置排烟设施？
0,shijiazhuang.txt,8.2.33可以向下沉式广场设置机械排烟口吗？
0,shijiazhuang.txt,8.2.34面积小于 500 O的影厅设置机械排烟系统时，是否需要设计补风系统？
0,shijiazhuang.txt,8.2.3设备机房是否需设排烟设施？
0,shijiazhuang.txt,8.2.4无疏散要求、无其他使用功能且周边采取了防火卷帘分隔的楼梯、自动扶梯区域是否需排烟设施？
0,shijiazhuang.txt,8.2.5建筑内的地下电梯厅、地下门厅等处（与其相连的走道长度不超过 20m）是否需排烟设施？
0,shijiazhuang.txt,8.2.6设置气体灭火系统、细水雾灭火系统的房间是否需排烟设施？
0,shijiazhuang.txt,8.2.7同一空间内的多个防烟分区是否可以同时采用自然排烟和机械排烟？
0,shijiazhuang.txt,8.2.8设计防烟分区时如何计算异形疏散走道（如有拐弯、口字型或日字型的走道）的长度？
0,shijiazhuang.txt,8.2.9当走道局部变宽时，如何确定防烟分区长边长度？
0,shijiazhuang.txt,8.2排烟系统8.2.1《建规》第 8.5.2 条第 2 款，第 8.5.2 条第 3 款中的“建筑面积”是指车间或仓库建筑的总面积，还是单个房间的面积？
0,shijiazhuang.txt,82.0.4大底盘多层裙房之上的多幢民用建筑，如何确定其防火间距？
0,shijiazhuang.txt,8防烟排烟8.1 防烟系统8.1.1建筑高度超过 50m 的高层公共建筑内的楼梯间可以采用自然通风吗？
0,shijiazhuang.txt,??堂作为扩大前室通向室外时，楼梯间出口处至室外疏散门的直线距离最大疏散距离是多少？
0,shijiazhuang.txt,”??的边长。“无吊顶的梁间洒水喷头布置可采用不等距方式，但喷水强度仍应符377.4.5一栋 13m 高的丙类货架仓库，不供暖，可否设计高空水炮？
0,shijiazhuang.txt,”，是否喷淋管径小于 100mm 的喷淋管道可采用螺纹连接，而不需卡箍连接？
0,shijiazhuang.txt,《建规》第 6.7.3 条规定的无空腔复合保温结构体保温系统既不是外墙内保温系统，也不是外墙外保温系统, 人员密集场所的建筑外墙能否用《建规》第 6.7.3 条保温系统？
0,shijiazhuang.txt,位于两个安全出口之间的商铺，可否参见《建规》第 5.5.15 条规定的位于走道尽端的房间建筑面积不大于 200 O设置一个净宽度不小于 1．4m 疏散门？
0,shijiazhuang.txt,充电设施 100%预留，相当于以后 100%都要做成充电车位，那么整个地下车库是否全部都要按照 1000 O划分防火单元？
0,shijiazhuang.txt,共用时坑有效容积如何确定？
0,shijiazhuang.txt,共用集水坑有效容积如何确定？
0,shijiazhuang.txt,其疏散人数如何计算？
0,shijiazhuang.txt,内有办公、展厅、修理车间等，车间按照丙类？
0,shijiazhuang.txt,减压阀后压力如何取值？
0,shijiazhuang.txt,又有何依据判断为不合理呢？
0,shijiazhuang.txt,商业服务网点的楼梯踏步按什么标准考虑？
0,shijiazhuang.txt,处理意见： “有顶步行街”（含步行街首层地面、二层及以上连廊、回廊区域，以下简称“步行街”）在符合规范要求的同时，还应做到以下几点：1“步行	24附图 6.0.1-3消防车通道禁止占用警示牌示例6.0.2消防车道转弯半径 9m（普通消防车）、12m（登高车）指的是消防车道的内径还是道路中心半径？
0,shijiazhuang.txt,处理意见：1同一防火分区内风管跨房间布置具有较大的火灾蔓延传播危险，应设置自动喷水灭火系统；2只有热媒管道穿越多个房间的系统可不设置自动喷水灭火系统；3建筑内采用通风或新风管道系统，具有较大的火灾蔓延传播危险，需设置自动喷水灭火系统；7.2消防给水及消火栓系统7.2.1室外消防可不设置室外消火栓系统的条件？
0,shijiazhuang.txt,处理意见：当地下车库与地30筑、高级宾馆的火灾延续时间如何确定？
0,shijiazhuang.txt,处理意见：步行街是位于多座不同建筑之间的一个独立的34架首尾两端的喷头形式如何选取？
0,shijiazhuang.txt,如何具体操作？
0,shijiazhuang.txt,如何计算多个避难间的加压送风量？
0,shijiazhuang.txt,如按 3.5m×3.5m 的正方形布置，但有墙隔开了，所以就变成了 3.5m×3m 的矩形布置，可否？
0,shijiazhuang.txt,如果可以室外连廊外侧可以视为建筑外墙吗？
0,shijiazhuang.txt,如果可以需采取哪些措施？
0,shijiazhuang.txt,如设计时仅注明采用符合耐火极限要求的薄涂型（或厚涂型）防火涂料，是否可以满足要求？
0,shijiazhuang.txt,安全疏散如何考虑？
0,shijiazhuang.txt,室内消火栓水量如何选取？
0,shijiazhuang.txt,室内消火栓竖向分区供水时，水泵接合器如何设置？
0,shijiazhuang.txt,对于托儿所、幼儿园、老年人照料设施，歌舞娱乐放映游艺场所，单、多层医疗建筑，多层教学楼建筑是否设置 T 型走道呢？
0,shijiazhuang.txt,对同一天井开窗的户数如何要求？
0,shijiazhuang.txt,建筑高度超过 50m 的高层民用建筑外墙上设置的装饰、广告牌应当采用不燃材料6灭火救援6.0.1消防车道、消防车登高操作场地可以做成隐形的吗？
0,shijiazhuang.txt,当总平面图条件受限，车库出入口可否面向消防车登高操作场地？
0,shijiazhuang.txt,当总平面图条件受限，通往楼梯间的门厅、走道是否可以直通消防车登高操作场地？
0,shijiazhuang.txt,当营业厅内设置餐饮场所时能否同其他商业营业厅防火分区一样大呢？
0,shijiazhuang.txt,当走廊采用机械排烟时，如何计算走廊排烟量及开窗面积？
0,shijiazhuang.txt,当取设置乙级防火窗时需要自行关闭吗？
0,shijiazhuang.txt,按照多层公建还是住宅？
0,shijiazhuang.txt,是否包括汽车库？
0,shijiazhuang.txt,本工程主要功能：地下三层为汽车库，地下二层～五层为医技用房，六～十五层为病房；此类工程的火灾延续时间如何确定？
0,shijiazhuang.txt,机械车位下层车?？
0,shijiazhuang.txt,此两处条款冲突，如何执行？
0,shijiazhuang.txt,此时喷淋泵出水管上的压力开关如何动作？
0,shijiazhuang.txt,每个防火单元是否需要设置独立的安全出口？
0,shijiazhuang.txt,流量系数 K 值如何确定？
0,shijiazhuang.txt,消防车登高操作场地可以设置在连廊一侧吗？
0,shijiazhuang.txt,游泳池四周的通道上方需要设置喷头吗？
0,shijiazhuang.txt,疏散楼梯间在首层不经过门厅直通室外时，楼梯间门的净宽度可以 0.9m 吗？
0,shijiazhuang.txt,看台人员可以通过观众休息厅疏散至安全出口吗？
0,shijiazhuang.txt,第 2 款中何种情况属于“设置高位消防水箱确有困难”，何种情况属于“采用安全可靠的消防给水形式”？
0,shijiazhuang.txt,类似情况自然排烟条件是否可适当放宽？
0,shijiazhuang.txt,耐火等级为一级的无钢丝网粉刷层之钢筋混凝土梁，保护层厚度是否应按防火规范取用？
0,shijiazhuang.txt,规范未提及步行街防火分区，那么步行街如何划分防火分区呢？
0,shijiazhuang.txt,这个理解是否正确？
0,shijiazhuang.txt,这里的独立设置如何理解？
0,shijiazhuang.txt,连廊是封闭还是开敞？
0,shijiazhuang.txt,重要的公共建筑如何界定呢？
0,shijiazhuang.txt,防火分区最大允许建筑面积可以是多少？
0,shijiazhuang.txt,附图 6.0.1-1消防车通道路侧禁停标线及路面警示标志示例附图 6.0.1-2消防车通道出入口禁停标线及路面警示标志示例?确定吗？
0,shijiazhuang.txt,附图 6.0.2 消防车道转弯半径6.0.3消防车登高操作场地是否可利用相邻的城市道路？
0,shijiazhuang.txt,（2）一部为消防电梯，另一部为普通电梯时，是否可以和消防电梯共用集水坑？
0,shijiazhuang.txt,（附图 6.0.11）'26附图 6.0.11 消防救援口6.0.12单层、多层建筑是否每层均应设置消防救援窗口？
0,xinjiangweiwuer.txt,   -1F 1F   2F   3F   4F   H=？
0,xinjiangweiwuer.txt,   25 28、台阶式地坪：如下图，把正负零标高定义在右侧室外地坪，建筑高度是否可以可以从右侧正负零开始计算建筑高度？
0,xinjiangweiwuer.txt,   ??援窗口；高层建筑是否可以仅在消防登高作业面侧设置救援窗？
0,xinjiangweiwuer.txt,  10、剪刀楼梯分别服务于地下车库（或商业）两个防火分区，分别作为各自防火分区的安全出口，是否可行？
0,xinjiangweiwuer.txt,  11、中庭的概念是什么，是否可以采用上海地标的概念（连贯 3层或 3 层以上，对边最小净距不小于 6m，且连贯空间的最小投影面积不小于 100 平米），在审图中发现，有些商业综合体消防设计中引入了“扩大中庭”的概念，是否可行，若可行，需要采取哪些具体措施？
0,xinjiangweiwuer.txt,  11、建规图示中要求建筑四周均设置消防救援窗，如图在实际工程中无环形消防车道的多层建筑是否可以仅在有消防车道侧设置消防救援窗口；高层建筑是否可以仅在消防登高作业面侧设置救援窗？
0,xinjiangweiwuer.txt,  13、按照规范 5.3.2 条-图示 3，中庭与周围连通空间进行防火分隔时，可将回廊封闭在中庭空间内？
0,xinjiangweiwuer.txt,  14、避难走道是否适用于地下车库设计？
0,xinjiangweiwuer.txt,  15、当避难走道仅有一个直通室外的楼梯时，商业与地库（或设备用房）两个防火分区同时进入避难走道，是否可行？
0,xinjiangweiwuer.txt,  16、大型商业综合体的楼梯在首层无法直通室外时，经常通过一条较长有顶的走道通往室外，这种走道是否有要求或距离限定才能视为是室外安全区域？
0,xinjiangweiwuer.txt,  17、防火隔间的门是否可以设置为常开的防火门？
0,xinjiangweiwuer.txt,  18、一栋建筑由多个独立的二层至三层的商铺组成，每个商铺楼梯独立设置，商铺每层是否可以按照不大于 200 平方米设置一个安全出口？
0,xinjiangweiwuer.txt,  20、对于有高差的大型商业建筑，如果有双首层，如何判定地上、地下部分？
0,xinjiangweiwuer.txt,  21、当燃油和燃气锅炉房布置在民用建筑内时，确有困难时可以布置在人员密集场所的上一层、下一层或贴邻吗？
0,xinjiangweiwuer.txt,  23、《汽车库、修车库、停车场设计防火规范》中规定疏散楼梯的宽度不应小于 1.1m，开向楼梯间门（或直通室外的门）的宽度是否可以小于 1.1m？
0,xinjiangweiwuer.txt,  24、厂房或库房的尺度较大的门（平开门或推拉门）上开启小尺度的门是否可以作为人员安全疏散口？
0,xinjiangweiwuer.txt,  26、医疗建筑中普通电梯的侯梯厅在达到避难间设置要求的前提下，能否兼做避难间（图例中消防电梯前室可行）？
0,xinjiangweiwuer.txt,  29、地下空间疏散：如下图所示，在不设置消防车道或设置消防车道的情况下，负一层商业左侧区域是否可以定义为安全区，直接-1F对外疏散？
0,xinjiangweiwuer.txt,  2、小于十万平米非有顶步行街模式的商业综合体，是否需要参照《关于加强超大城市综合体消防安全工作的指导意见》（113 号文件）第三条中，步行街首层与地下层之间不应设置中庭的要求？
0,xinjiangweiwuer.txt,  32、规范要求每个防火分区应设置 1 台消防电梯，当在下沉广场设置消防电梯时，是否可以和相邻防火分区共用？
0,xinjiangweiwuer.txt,  33、《建筑设计防火规范》2019 年修订征求意见稿中规定商业不应设置在埋深大于 10m 的楼层，未来是否会执行这一规定，大概在什么时候执行？
0,xinjiangweiwuer.txt,  34、开敞外廊、阳台的建筑面积是否需要计入防火分区面积？
0,xinjiangweiwuer.txt,  35、压型金属双层屋面板，板厚 0.6mm,玻璃丝绵毡 150mm.其耐火极限为多少小时？
0,xinjiangweiwuer.txt,  36、丙二类库房内能设置与货运相关电车的充电设施吗？
0,xinjiangweiwuer.txt,  3、无机房电梯是否能满足消防电梯的相关要求？
0,xinjiangweiwuer.txt,  4、商业服务网点提及的小型营业用房是否包含：社区活动中心、小型诊所、儿童活动场所、托幼中心、老年人日间照料中心、酒吧、网吧？
0,xinjiangweiwuer.txt,  5、目前存在的电竞酒店是按照旅馆建筑还是按照网吧场所相关规范执行？
0,xinjiangweiwuer.txt,  6、目前出现的新型业态如密室逃脱、室内动物园等类似使用场所，具体执行哪条规范？
0,xinjiangweiwuer.txt,  7、室内水乐园建筑内的水面面积是否不计入防火分区面积，疏散距离如何执行？
0,xinjiangweiwuer.txt,  8、带有演出功能的酒吧、餐厅是否属于歌舞娱乐放映游艺场所？
0,xinjiangweiwuer.txt, 1 附件： 建筑防火设计常见问题解答 ――根据《建筑设计防火规范》研讨交流会会议录音整理  1、需要设置登高作业场地的高层住宅与多层商业形成“T”型布置，如图一所示，布置消防登高场地是否可行？
0,xinjiangweiwuer.txt, f*399.84 709.7 m428.14 709.7 l428.14 701.74 l440.64 701.74 l440.64 710.07 l448.97 710.07 l448.97 708.68 l512.68 708.68 l512.68 700.35 l520.42 700.35 l520.42 694.79 l526.06 694.79 l519.82 662.85 l526.37 660.76 l521.61 637.48 l523.4 637.15 l521.89 629.14 l527.56 627.06 l526.65 619.42 l535.9 617.01 l526.37 571.87 l523.4 562.85 l518.91 554.51 l511.49 546.5 l505.54 542.71 l498.67 539.23 l492.44 538.17 l477.24 538.17 l477.24 558.31 l482 564.24 l486.76 564.56 lV??t ?l?B 16  19、当建筑层数不超过四层且未采用扩大封闭楼梯间时，楼梯间是否可以通过商业营业区域进行疏散？
0,xinjiangweiwuer.txt, ??6.0.6《建规》第 7.1.8 条规定了消防车道与民用建筑之间的距离不宜小于 5m，其最大距离有无要求？
0,xinjiangweiwuer.txt, 不要去纠结它是因为是宿舍还是什么别的这个情况，住宿部分能不能够和食堂设置在同一建筑里？
0,xinjiangweiwuer.txt, 室外（临市政道路）  26                    答：问题中这个安全区域是指什么安全区域？
0,xinjiangweiwuer.txt, 我觉得，大家需要把疏散安全区这个概念弄清楚，什么情况下它是疏散安全区？
0,xinjiangweiwuer.txt, 这个部位是否允许采用防火卷帘进行分隔呢？
0,xinjiangweiwuer.txt, 高差较大，设置消防车环道有困难 建筑总长度大于160 米 紧邻市政道路 地下室  24 有一些高差大的建筑，能不能够只沿建筑两边设置消防车道？
0,xinjiangweiwuer.txt,”现实情况中如下图，在商业部分断缝并设置防火墙，部分商业成为住宅下部的商业服务网点，此情况下住宅一侧山墙能否开窗？
0,xinjiangweiwuer.txt,人员疏散安全区还是指什么安全区？
0,xinjiangweiwuer.txt,因场地高差过大，利用地下室抬高场地时，可否只沿建筑两边设置消防车道？
0,xinjiangweiwuer.txt,图一为示例，图二为《浙江省消防技术规范难点问题操作技术指南》的内容，两种做法是否均可行？
0,xinjiangweiwuer.txt,大厅内最远点至安全出口的距离是按 9 米（11.25 米），还是按餐厅 30 米（37.5 米）执行？
0,xinjiangweiwuer.txt,如可行，室外楼梯宽度是否大于地下一层、地下二层借用下沉广场疏散的任一防火分区疏散宽度即可？
0,xinjiangweiwuer.txt,如可行，是否需要单独设置疏散楼梯？
0,xinjiangweiwuer.txt,如果一栋面向社会开放的职业培训中心，下部是1-4层是职业技能培训，5 层是学员住宿和食堂，住宿部分能不能设置在同一建筑内？
0,xinjiangweiwuer.txt,如果不行，可否采用两个防火隔间分别进入楼梯间进行疏散？
0,xinjiangweiwuer.txt,宽度是否有要求？
0,xinjiangweiwuer.txt,是否必须通过“硬线”实现？
0,xinjiangweiwuer.txt,比如说甲类厂房，不允许采用高层建筑，但煤化工不用高层厂房就建不起来，建不起来经济如何发展？
0,xinjiangweiwuer.txt,该楼梯的宽度是否按照 1.4 米设置？
0,xinjiangweiwuer.txt,还是确定按照地上还是地下设计？
0,xinjiangweiwuer.txt,那么地下车库两个防火分区之间是否可以共用一部疏散楼梯？
0,zhejiang.txt,  42、消防值班室、消防水泵房设置在首层或地下一层时，是否需通过独立的走道对外疏散，该走道能否开设其他房间的门？
0,zhejiang.txt,该走道是否有长度的要求？
0,zhejiang.txt,问题描述：GB50016-2014《建筑设计防火规范（2018 年版）》第 7.2.3 条和浙消[2020]166号第 2.1.7 条，消防登高场地对应范围内设置的入口，入口是否包含建筑物的所有消防出入口？
0,zhejiang.txt,问题描述：井道或配电小间等狭小场所的点式探测器，无法满足距墙壁、梁边水平距离大13于 0.5m，是否属违反规范？
0,zhejiang.txt,问题描述：关于疏散楼梯在内部转换平面位置的问题，是否与建规第 6.4.4 条有冲突？
0,zhejiang.txt,问题描述：因设备管井、设备用房平时很少使用，是否可不考虑此类房间的疏散门开启后对疏散通道有效宽度的影响？
0,zhejiang.txt,问题描述：屋顶防烟、排烟风机设置在室外，未设置在专用机房内，其控制箱是否一定要安装在机房或配电小间内？
0,zhejiang.txt,问题描述：建筑物之间的防火间距应按相邻建筑外墙的最近水平距离计算，当外墙有凸出的可燃或难燃构件时，应从其凸出部分外缘算起，当外墙凸出物为不燃构件（干挂石材、线脚等）的情况下，建筑的间距是否可算至土建外墙面？
0,zhejiang.txt,问题描述：浙消〔2020〕166 号第 2.1.5 条要求“消防车道、消防车登高操作场地应采用硬质铺装面层”，某中小学校项目利用塑胶地面作为消防车道或消防车登高操作场地时，地面能承受重型消防车的压力，塑胶面层厚度约为 13mm，是否一定要将塑胶面层改成硬质铺装面层？
0,zhejiang.txt,问题描述：消防救援窗（口），不用玻璃，板材是否可行？
0,zhejiang.txt,问题描述：至消防风机、消防水泵、应急照明和疏散指示灯具、火灾自动报警系统设备末端明敷线缆是否可采用柔性导管保护？
